code,src_code,name,province_key,province_name,region_code,island_group
0102801000,102801000,Adams,0102800000,Ilocos Norte,0100000000,LUZON
0102802000,102802000,Bacarra,0102800000,Ilocos Norte,0100000000,LUZON
0102803000,102803000,Badoc,0102800000,Ilocos Norte,0100000000,LUZON
0102804000,102804000,Bangui,0102800000,Ilocos Norte,0100000000,LUZON
0102805000,102805000,City of Batac,0102800000,Ilocos Norte,0100000000,LUZON
0102806000,102806000,Burgos,0102800000,Ilocos Norte,0100000000,LUZON
0102807000,102807000,Carasi,0102800000,Ilocos Norte,0100000000,LUZON
0102808000,102808000,Currimao,0102800000,Ilocos Norte,0100000000,LUZON
0102809000,102809000,Dingras,0102800000,Ilocos Norte,0100000000,LUZON
0102810000,102810000,Dumalneg,0102800000,Ilocos Norte,0100000000,LUZON
0102811000,102811000,Banna,0102800000,Ilocos Norte,0100000000,LUZON
0102812000,102812000,City of Laoag,0102800000,Ilocos Norte,0100000000,LUZON
0102813000,102813000,Marcos,0102800000,Ilocos Norte,0100000000,LUZON
0102814000,102814000,Nueva Era,0102800000,Ilocos Norte,0100000000,LUZON
0102815000,102815000,Pagudpud,0102800000,Ilocos Norte,0100000000,LUZON
0102816000,102816000,Paoay,0102800000,Ilocos Norte,0100000000,LUZON
0102817000,102817000,Pasuquin,0102800000,Ilocos Norte,0100000000,LUZON
0102818000,102818000,Piddig,0102800000,Ilocos Norte,0100000000,LUZON
0102819000,102819000,Pinili,0102800000,Ilocos Norte,0100000000,LUZON
0102820000,102820000,San Nicolas,0102800000,Ilocos Norte,0100000000,LUZON
0102821000,102821000,Sarrat,0102800000,Ilocos Norte,0100000000,LUZON
0102822000,102822000,Solsona,0102800000,Ilocos Norte,0100000000,LUZON
0102823000,102823000,Vintar,0102800000,Ilocos Norte,0100000000,LUZON
0102901000,102901000,Alilem,0102900000,Ilocos Sur,0100000000,LUZON
0102902000,102902000,Banayoyo,0102900000,Ilocos Sur,0100000000,LUZON
0102903000,102903000,Bantay,0102900000,Ilocos Sur,0100000000,LUZON
0102904000,102904000,Burgos,0102900000,Ilocos Sur,0100000000,LUZON
0102905000,102905000,Cabugao,0102900000,Ilocos Sur,0100000000,LUZON
0102906000,102906000,City of Candon,0102900000,Ilocos Sur,0100000000,LUZON
0102907000,102907000,Caoayan,0102900000,Ilocos Sur,0100000000,LUZON
0102908000,102908000,Cervantes,0102900000,Ilocos Sur,0100000000,LUZON
0102909000,102909000,Galimuyod,0102900000,Ilocos Sur,0100000000,LUZON
0102910000,102910000,Gregorio del Pilar,0102900000,Ilocos Sur,0100000000,LUZON
0102911000,102911000,Lidlidda,0102900000,Ilocos Sur,0100000000,LUZON
0102912000,102912000,Magsingal,0102900000,Ilocos Sur,0100000000,LUZON
0102913000,102913000,Nagbukel,0102900000,Ilocos Sur,0100000000,LUZON
0102914000,102914000,Narvacan,0102900000,Ilocos Sur,0100000000,LUZON
0102915000,102915000,Quirino,0102900000,Ilocos Sur,0100000000,LUZON
0102916000,102916000,Salcedo,0102900000,Ilocos Sur,0100000000,LUZON
0102917000,102917000,San Emilio,0102900000,Ilocos Sur,0100000000,LUZON
0102918000,102918000,San Esteban,0102900000,Ilocos Sur,0100000000,LUZON
0102919000,102919000,San Ildefonso,0102900000,Ilocos Sur,0100000000,LUZON
0102920000,102920000,San Juan,0102900000,Ilocos Sur,0100000000,LUZON
0102921000,102921000,San Vicente,0102900000,Ilocos Sur,0100000000,LUZON
0102922000,102922000,Santa,0102900000,Ilocos Sur,0100000000,LUZON
0102923000,102923000,Santa Catalina,0102900000,Ilocos Sur,0100000000,LUZON
0102924000,102924000,Santa Cruz,0102900000,Ilocos Sur,0100000000,LUZON
0102925000,102925000,Santa Lucia,0102900000,Ilocos Sur,0100000000,LUZON
0102926000,102926000,Santa Maria,0102900000,Ilocos Sur,0100000000,LUZON
0102927000,102927000,Santiago,0102900000,Ilocos Sur,0100000000,LUZON
0102928000,102928000,Santo Domingo,0102900000,Ilocos Sur,0100000000,LUZON
0102929000,102929000,Sigay,0102900000,Ilocos Sur,0100000000,LUZON
0102930000,102930000,Sinait,0102900000,Ilocos Sur,0100000000,LUZON
0102931000,102931000,Sugpon,0102900000,Ilocos Sur,0100000000,LUZON
0102932000,102932000,Suyo,0102900000,Ilocos Sur,0100000000,LUZON
0102933000,102933000,Tagudin,0102900000,Ilocos Sur,0100000000,LUZON
0102934000,102934000,City of Vigan,0102900000,Ilocos Sur,0100000000,LUZON
0103301000,103301000,Agoo,0103300000,La Union,0100000000,LUZON
0103302000,103302000,Aringay,0103300000,La Union,0100000000,LUZON
0103303000,103303000,Bacnotan,0103300000,La Union,0100000000,LUZON
0103304000,103304000,Bagulin,0103300000,La Union,0100000000,LUZON
0103305000,103305000,Balaoan,0103300000,La Union,0100000000,LUZON
0103306000,103306000,Bangar,0103300000,La Union,0100000000,LUZON
0103307000,103307000,Bauang,0103300000,La Union,0100000000,LUZON
0103308000,103308000,Burgos,0103300000,La Union,0100000000,LUZON
0103309000,103309000,Caba,0103300000,La Union,0100000000,LUZON
0103310000,103310000,Luna,0103300000,La Union,0100000000,LUZON
0103311000,103311000,Naguilian,0103300000,La Union,0100000000,LUZON
0103312000,103312000,Pugo,0103300000,La Union,0100000000,LUZON
0103313000,103313000,Rosario,0103300000,La Union,0100000000,LUZON
0103314000,103314000,City of San Fernando,0103300000,La Union,0100000000,LUZON
0103315000,103315000,San Gabriel,0103300000,La Union,0100000000,LUZON
0103316000,103316000,San Juan,0103300000,La Union,0100000000,LUZON
0103317000,103317000,Santo Tomas,0103300000,La Union,0100000000,LUZON
0103318000,103318000,Santol,0103300000,La Union,0100000000,LUZON
0103319000,103319000,Sudipen,0103300000,La Union,0100000000,LUZON
0103320000,103320000,Tubao,0103300000,La Union,0100000000,LUZON
0105501000,105501000,Agno,0105500000,Pangasinan,0100000000,LUZON
0105502000,105502000,Aguilar,0105500000,Pangasinan,0100000000,LUZON
0105503000,105503000,City of Alaminos,0105500000,Pangasinan,0100000000,LUZON
0105504000,105504000,Alcala,0105500000,Pangasinan,0100000000,LUZON
0105505000,105505000,Anda,0105500000,Pangasinan,0100000000,LUZON
0105506000,105506000,Asingan,0105500000,Pangasinan,0100000000,LUZON
0105507000,105507000,Balungao,0105500000,Pangasinan,0100000000,LUZON
0105508000,105508000,Bani,0105500000,Pangasinan,0100000000,LUZON
0105509000,105509000,Basista,0105500000,Pangasinan,0100000000,LUZON
0105510000,105510000,Bautista,0105500000,Pangasinan,0100000000,LUZON
0105511000,105511000,Bayambang,0105500000,Pangasinan,0100000000,LUZON
0105512000,105512000,Binalonan,0105500000,Pangasinan,0100000000,LUZON
0105513000,105513000,Binmaley,0105500000,Pangasinan,0100000000,LUZON
0105514000,105514000,Bolinao,0105500000,Pangasinan,0100000000,LUZON
0105515000,105515000,Bugallon,0105500000,Pangasinan,0100000000,LUZON
0105516000,105516000,Burgos,0105500000,Pangasinan,0100000000,LUZON
0105517000,105517000,Calasiao,0105500000,Pangasinan,0100000000,LUZON
0105518000,105518000,City of Dagupan,0105500000,Pangasinan,0100000000,LUZON
0105519000,105519000,Dasol,0105500000,Pangasinan,0100000000,LUZON
0105520000,105520000,Infanta,0105500000,Pangasinan,0100000000,LUZON
0105521000,105521000,Labrador,0105500000,Pangasinan,0100000000,LUZON
0105522000,105522000,Lingayen,0105500000,Pangasinan,0100000000,LUZON
0105523000,105523000,Mabini,0105500000,Pangasinan,0100000000,LUZON
0105524000,105524000,Malasiqui,0105500000,Pangasinan,0100000000,LUZON
0105525000,105525000,Manaoag,0105500000,Pangasinan,0100000000,LUZON
0105526000,105526000,Mangaldan,0105500000,Pangasinan,0100000000,LUZON
0105527000,105527000,Mangatarem,0105500000,Pangasinan,0100000000,LUZON
0105528000,105528000,Mapandan,0105500000,Pangasinan,0100000000,LUZON
0105529000,105529000,Natividad,0105500000,Pangasinan,0100000000,LUZON
0105530000,105530000,Pozorrubio,0105500000,Pangasinan,0100000000,LUZON
0105531000,105531000,Rosales,0105500000,Pangasinan,0100000000,LUZON
0105532000,105532000,City of San Carlos,0105500000,Pangasinan,0100000000,LUZON
0105533000,105533000,San Fabian,0105500000,Pangasinan,0100000000,LUZON
0105534000,105534000,San Jacinto,0105500000,Pangasinan,0100000000,LUZON
0105535000,105535000,San Manuel,0105500000,Pangasinan,0100000000,LUZON
0105536000,105536000,San Nicolas,0105500000,Pangasinan,0100000000,LUZON
0105537000,105537000,San Quintin,0105500000,Pangasinan,0100000000,LUZON
0105538000,105538000,Santa Barbara,0105500000,Pangasinan,0100000000,LUZON
0105539000,105539000,Santa Maria,0105500000,Pangasinan,0100000000,LUZON
0105540000,105540000,Santo Tomas,0105500000,Pangasinan,0100000000,LUZON
0105541000,105541000,Sison,0105500000,Pangasinan,0100000000,LUZON
0105542000,105542000,Sual,0105500000,Pangasinan,0100000000,LUZON
0105543000,105543000,Tayug,0105500000,Pangasinan,0100000000,LUZON
0105544000,105544000,Umingan,0105500000,Pangasinan,0100000000,LUZON
0105545000,105545000,Urbiztondo,0105500000,Pangasinan,0100000000,LUZON
0105546000,105546000,City of Urdaneta,0105500000,Pangasinan,0100000000,LUZON
0105547000,105547000,Villasis,0105500000,Pangasinan,0100000000,LUZON
0105548000,105548000,Laoac,0105500000,Pangasinan,0100000000,LUZON
0200901000,200901000,Basco,0200900000,Batanes,0200000000,LUZON
0200902000,200902000,Itbayat,0200900000,Batanes,0200000000,LUZON
0200903000,200903000,Ivana,0200900000,Batanes,0200000000,LUZON
0200904000,200904000,Mahatao,0200900000,Batanes,0200000000,LUZON
0200905000,200905000,Sabtang,0200900000,Batanes,0200000000,LUZON
0200906000,200906000,Uyugan,0200900000,Batanes,0200000000,LUZON
0201501000,201501000,Abulug,0201500000,Cagayan,0200000000,LUZON
0201502000,201502000,Alcala,0201500000,Cagayan,0200000000,LUZON
0201503000,201503000,Allacapan,0201500000,Cagayan,0200000000,LUZON
0201504000,201504000,Amulung,0201500000,Cagayan,0200000000,LUZON
0201505000,201505000,Aparri,0201500000,Cagayan,0200000000,LUZON
0201506000,201506000,Baggao,0201500000,Cagayan,0200000000,LUZON
0201507000,201507000,Ballesteros,0201500000,Cagayan,0200000000,LUZON
0201508000,201508000,Buguey,0201500000,Cagayan,0200000000,LUZON
0201509000,201509000,Calayan,0201500000,Cagayan,0200000000,LUZON
0201510000,201510000,Camalaniugan,0201500000,Cagayan,0200000000,LUZON
0201511000,201511000,Claveria,0201500000,Cagayan,0200000000,LUZON
0201512000,201512000,Enrile,0201500000,Cagayan,0200000000,LUZON
0201513000,201513000,Gattaran,0201500000,Cagayan,0200000000,LUZON
0201514000,201514000,Gonzaga,0201500000,Cagayan,0200000000,LUZON
0201515000,201515000,Iguig,0201500000,Cagayan,0200000000,LUZON
0201516000,201516000,Lal-Lo,0201500000,Cagayan,0200000000,LUZON
0201517000,201517000,Lasam,0201500000,Cagayan,0200000000,LUZON
0201518000,201518000,Pamplona,0201500000,Cagayan,0200000000,LUZON
0201519000,201519000,Peñablanca,0201500000,Cagayan,0200000000,LUZON
0201520000,201520000,Piat,0201500000,Cagayan,0200000000,LUZON
0201521000,201521000,Rizal,0201500000,Cagayan,0200000000,LUZON
0201522000,201522000,Sanchez Mira,0201500000,Cagayan,0200000000,LUZON
0201523000,201523000,Santa Ana,0201500000,Cagayan,0200000000,LUZON
0201524000,201524000,Santa Praxedes,0201500000,Cagayan,0200000000,LUZON
0201525000,201525000,Santa Teresita,0201500000,Cagayan,0200000000,LUZON
0201526000,201526000,Santo Niño,0201500000,Cagayan,0200000000,LUZON
0201527000,201527000,Solana,0201500000,Cagayan,0200000000,LUZON
0201528000,201528000,Tuao,0201500000,Cagayan,0200000000,LUZON
0201529000,201529000,Tuguegarao City,0201500000,Cagayan,0200000000,LUZON
0203101000,203101000,Alicia,0203100000,Isabela,0200000000,LUZON
0203102000,203102000,Angadanan,0203100000,Isabela,0200000000,LUZON
0203103000,203103000,Aurora,0203100000,Isabela,0200000000,LUZON
0203104000,203104000,Benito Soliven,0203100000,Isabela,0200000000,LUZON
0203105000,203105000,Burgos,0203100000,Isabela,0200000000,LUZON
0203106000,203106000,Cabagan,0203100000,Isabela,0200000000,LUZON
0203107000,203107000,Cabatuan,0203100000,Isabela,0200000000,LUZON
0203108000,203108000,City of Cauayan,0203100000,Isabela,0200000000,LUZON
0203109000,203109000,Cordon,0203100000,Isabela,0200000000,LUZON
0203110000,203110000,Dinapigue,0203100000,Isabela,0200000000,LUZON
0203111000,203111000,Divilacan,0203100000,Isabela,0200000000,LUZON
0203112000,203112000,Echague,0203100000,Isabela,0200000000,LUZON
0203113000,203113000,Gamu,0203100000,Isabela,0200000000,LUZON
0203114000,203114000,City of Ilagan,0203100000,Isabela,0200000000,LUZON
0203115000,203115000,Jones,0203100000,Isabela,0200000000,LUZON
0203116000,203116000,Luna,0203100000,Isabela,0200000000,LUZON
0203117000,203117000,Maconacon,0203100000,Isabela,0200000000,LUZON
0203118000,203118000,Delfin Albano,0203100000,Isabela,0200000000,LUZON
0203119000,203119000,Mallig,0203100000,Isabela,0200000000,LUZON
0203120000,203120000,Naguilian,0203100000,Isabela,0200000000,LUZON
0203121000,203121000,Palanan,0203100000,Isabela,0200000000,LUZON
0203122000,203122000,Quezon,0203100000,Isabela,0200000000,LUZON
0203123000,203123000,Quirino,0203100000,Isabela,0200000000,LUZON
0203124000,203124000,Ramon,0203100000,Isabela,0200000000,LUZON
0203125000,203125000,Reina Mercedes,0203100000,Isabela,0200000000,LUZON
0203126000,203126000,Roxas,0203100000,Isabela,0200000000,LUZON
0203127000,203127000,San Agustin,0203100000,Isabela,0200000000,LUZON
0203128000,203128000,San Guillermo,0203100000,Isabela,0200000000,LUZON
0203129000,203129000,San Isidro,0203100000,Isabela,0200000000,LUZON
0203130000,203130000,San Manuel,0203100000,Isabela,0200000000,LUZON
0203131000,203131000,San Mariano,0203100000,Isabela,0200000000,LUZON
0203132000,203132000,San Mateo,0203100000,Isabela,0200000000,LUZON
0203133000,203133000,San Pablo,0203100000,Isabela,0200000000,LUZON
0203134000,203134000,Santa Maria,0203100000,Isabela,0200000000,LUZON
0203135000,203135000,City of Santiago,0203100000,Isabela,0200000000,LUZON
0203136000,203136000,Santo Tomas,0203100000,Isabela,0200000000,LUZON
0203137000,203137000,Tumauini,0203100000,Isabela,0200000000,LUZON
0205001000,205001000,Ambaguio,0205000000,Nueva Vizcaya,0200000000,LUZON
0205002000,205002000,Aritao,0205000000,Nueva Vizcaya,0200000000,LUZON
0205003000,205003000,Bagabag,0205000000,Nueva Vizcaya,0200000000,LUZON
0205004000,205004000,Bambang,0205000000,Nueva Vizcaya,0200000000,LUZON
0205005000,205005000,Bayombong,0205000000,Nueva Vizcaya,0200000000,LUZON
0205006000,205006000,Diadi,0205000000,Nueva Vizcaya,0200000000,LUZON
0205007000,205007000,Dupax del Norte,0205000000,Nueva Vizcaya,0200000000,LUZON
0205008000,205008000,Dupax del Sur,0205000000,Nueva Vizcaya,0200000000,LUZON
0205009000,205009000,Kasibu,0205000000,Nueva Vizcaya,0200000000,LUZON
0205010000,205010000,Kayapa,0205000000,Nueva Vizcaya,0200000000,LUZON
0205011000,205011000,Quezon,0205000000,Nueva Vizcaya,0200000000,LUZON
0205012000,205012000,Santa Fe,0205000000,Nueva Vizcaya,0200000000,LUZON
0205013000,205013000,Solano,0205000000,Nueva Vizcaya,0200000000,LUZON
0205014000,205014000,Villaverde,0205000000,Nueva Vizcaya,0200000000,LUZON
0205015000,205015000,Alfonso Castaneda,0205000000,Nueva Vizcaya,0200000000,LUZON
0205701000,205701000,Aglipay,0205700000,Quirino,0200000000,LUZON
0205702000,205702000,Cabarroguis,0205700000,Quirino,0200000000,LUZON
0205703000,205703000,Diffun,0205700000,Quirino,0200000000,LUZON
0205704000,205704000,Maddela,0205700000,Quirino,0200000000,LUZON
0205705000,205705000,Saguday,0205700000,Quirino,0200000000,LUZON
0205706000,205706000,Nagtipunan,0205700000,Quirino,0200000000,LUZON
0300801000,300801000,Abucay,0300800000,Bataan,0300000000,LUZON
0300802000,300802000,Bagac,0300800000,Bataan,0300000000,LUZON
0300803000,300803000,City of Balanga,0300800000,Bataan,0300000000,LUZON
0300804000,300804000,Dinalupihan,0300800000,Bataan,0300000000,LUZON
0300805000,300805000,Hermosa,0300800000,Bataan,0300000000,LUZON
0300806000,300806000,Limay,0300800000,Bataan,0300000000,LUZON
0300807000,300807000,Mariveles,0300800000,Bataan,0300000000,LUZON
0300808000,300808000,Morong,0300800000,Bataan,0300000000,LUZON
0300809000,300809000,Orani,0300800000,Bataan,0300000000,LUZON
0300810000,300810000,Orion,0300800000,Bataan,0300000000,LUZON
0300811000,300811000,Pilar,0300800000,Bataan,0300000000,LUZON
0300812000,300812000,Samal,0300800000,Bataan,0300000000,LUZON
0301401000,301401000,Angat,0301400000,Bulacan,0300000000,LUZON
0301402000,301402000,Balagtas,0301400000,Bulacan,0300000000,LUZON
0301403000,301403000,City of Baliwag,0301400000,Bulacan,0300000000,LUZON
0301404000,301404000,Bocaue,0301400000,Bulacan,0300000000,LUZON
0301405000,301405000,Bulacan,0301400000,Bulacan,0300000000,LUZON
0301406000,301406000,Bustos,0301400000,Bulacan,0300000000,LUZON
0301407000,301407000,Calumpit,0301400000,Bulacan,0300000000,LUZON
0301408000,301408000,Guiguinto,0301400000,Bulacan,0300000000,LUZON
0301409000,301409000,Hagonoy,0301400000,Bulacan,0300000000,LUZON
0301410000,301410000,City of Malolos,0301400000,Bulacan,0300000000,LUZON
0301411000,301411000,Marilao,0301400000,Bulacan,0300000000,LUZON
0301412000,301412000,City of Meycauayan,0301400000,Bulacan,0300000000,LUZON
0301413000,301413000,Norzagaray,0301400000,Bulacan,0300000000,LUZON
0301414000,301414000,Obando,0301400000,Bulacan,0300000000,LUZON
0301415000,301415000,Pandi,0301400000,Bulacan,0300000000,LUZON
0301416000,301416000,Paombong,0301400000,Bulacan,0300000000,LUZON
0301417000,301417000,Plaridel,0301400000,Bulacan,0300000000,LUZON
0301418000,301418000,Pulilan,0301400000,Bulacan,0300000000,LUZON
0301419000,301419000,San Ildefonso,0301400000,Bulacan,0300000000,LUZON
0301420000,301420000,City of San Jose Del Monte,0301400000,Bulacan,0300000000,LUZON
0301421000,301421000,San Miguel,0301400000,Bulacan,0300000000,LUZON
0301422000,301422000,San Rafael,0301400000,Bulacan,0300000000,LUZON
0301423000,301423000,Santa Maria,0301400000,Bulacan,0300000000,LUZON
0301424000,301424000,Doña Remedios Trinidad,0301400000,Bulacan,0300000000,LUZON
0304901000,304901000,Aliaga,0304900000,Nueva Ecija,0300000000,LUZON
0304902000,304902000,Bongabon,0304900000,Nueva Ecija,0300000000,LUZON
0304903000,304903000,City of Cabanatuan,0304900000,Nueva Ecija,0300000000,LUZON
0304904000,304904000,Cabiao,0304900000,Nueva Ecija,0300000000,LUZON
0304905000,304905000,Carranglan,0304900000,Nueva Ecija,0300000000,LUZON
0304906000,304906000,Cuyapo,0304900000,Nueva Ecija,0300000000,LUZON
0304907000,304907000,Gabaldon,0304900000,Nueva Ecija,0300000000,LUZON
0304908000,304908000,City of Gapan,0304900000,Nueva Ecija,0300000000,LUZON
0304909000,304909000,General Mamerto Natividad,0304900000,Nueva Ecija,0300000000,LUZON
0304910000,304910000,General Tinio,0304900000,Nueva Ecija,0300000000,LUZON
0304911000,304911000,Guimba,0304900000,Nueva Ecija,0300000000,LUZON
0304912000,304912000,Jaen,0304900000,Nueva Ecija,0300000000,LUZON
0304913000,304913000,Laur,0304900000,Nueva Ecija,0300000000,LUZON
0304914000,304914000,Licab,0304900000,Nueva Ecija,0300000000,LUZON
0304915000,304915000,Llanera,0304900000,Nueva Ecija,0300000000,LUZON
0304916000,304916000,Lupao,0304900000,Nueva Ecija,0300000000,LUZON
0304917000,304917000,Science City of Muñoz,0304900000,Nueva Ecija,0300000000,LUZON
0304918000,304918000,Nampicuan,0304900000,Nueva Ecija,0300000000,LUZON
0304919000,304919000,City of Palayan,0304900000,Nueva Ecija,0300000000,LUZON
0304920000,304920000,Pantabangan,0304900000,Nueva Ecija,0300000000,LUZON
0304921000,304921000,Peñaranda,0304900000,Nueva Ecija,0300000000,LUZON
0304922000,304922000,Quezon,0304900000,Nueva Ecija,0300000000,LUZON
0304923000,304923000,Rizal,0304900000,Nueva Ecija,0300000000,LUZON
0304924000,304924000,San Antonio,0304900000,Nueva Ecija,0300000000,LUZON
0304925000,304925000,San Isidro,0304900000,Nueva Ecija,0300000000,LUZON
0304926000,304926000,San Jose City,0304900000,Nueva Ecija,0300000000,LUZON
0304927000,304927000,San Leonardo,0304900000,Nueva Ecija,0300000000,LUZON
0304928000,304928000,Santa Rosa,0304900000,Nueva Ecija,0300000000,LUZON
0304929000,304929000,Santo Domingo,0304900000,Nueva Ecija,0300000000,LUZON
0304930000,304930000,Talavera,0304900000,Nueva Ecija,0300000000,LUZON
0304931000,304931000,Talugtug,0304900000,Nueva Ecija,0300000000,LUZON
0304932000,304932000,Zaragoza,0304900000,Nueva Ecija,0300000000,LUZON
0305402000,305402000,Apalit,0305400000,Pampanga,0300000000,LUZON
0305403000,305403000,Arayat,0305400000,Pampanga,0300000000,LUZON
0305404000,305404000,Bacolor,0305400000,Pampanga,0300000000,LUZON
0305405000,305405000,Candaba,0305400000,Pampanga,0300000000,LUZON
0305406000,305406000,Floridablanca,0305400000,Pampanga,0300000000,LUZON
0305407000,305407000,Guagua,0305400000,Pampanga,0300000000,LUZON
0305408000,305408000,Lubao,0305400000,Pampanga,0300000000,LUZON
0305409000,305409000,Mabalacat City,0305400000,Pampanga,0300000000,LUZON
0305410000,305410000,Macabebe,0305400000,Pampanga,0300000000,LUZON
0305411000,305411000,Magalang,0305400000,Pampanga,0300000000,LUZON
0305412000,305412000,Masantol,0305400000,Pampanga,0300000000,LUZON
0305413000,305413000,Mexico,0305400000,Pampanga,0300000000,LUZON
0305414000,305414000,Minalin,0305400000,Pampanga,0300000000,LUZON
0305415000,305415000,Porac,0305400000,Pampanga,0300000000,LUZON
0305416000,305416000,City of San Fernando,0305400000,Pampanga,0300000000,LUZON
0305417000,305417000,San Luis,0305400000,Pampanga,0300000000,LUZON
0305418000,305418000,San Simon,0305400000,Pampanga,0300000000,LUZON
0305419000,305419000,Santa Ana,0305400000,Pampanga,0300000000,LUZON
0305420000,305420000,Santa Rita,0305400000,Pampanga,0300000000,LUZON
0305421000,305421000,Sto. Tomas,0305400000,Pampanga,0300000000,LUZON
0305422000,305422000,Sasmuan,0305400000,Pampanga,0300000000,LUZON
0306901000,306901000,Anao,0306900000,Tarlac,0300000000,LUZON
0306902000,306902000,Bamban,0306900000,Tarlac,0300000000,LUZON
0306903000,306903000,Camiling,0306900000,Tarlac,0300000000,LUZON
0306904000,306904000,Capas,0306900000,Tarlac,0300000000,LUZON
0306905000,306905000,Concepcion,0306900000,Tarlac,0300000000,LUZON
0306906000,306906000,Gerona,0306900000,Tarlac,0300000000,LUZON
0306907000,306907000,La Paz,0306900000,Tarlac,0300000000,LUZON
0306908000,306908000,Mayantoc,0306900000,Tarlac,0300000000,LUZON
0306909000,306909000,Moncada,0306900000,Tarlac,0300000000,LUZON
0306910000,306910000,Paniqui,0306900000,Tarlac,0300000000,LUZON
0306911000,306911000,Pura,0306900000,Tarlac,0300000000,LUZON
0306912000,306912000,Ramos,0306900000,Tarlac,0300000000,LUZON
0306913000,306913000,San Clemente,0306900000,Tarlac,0300000000,LUZON
0306914000,306914000,San Manuel,0306900000,Tarlac,0300000000,LUZON
0306915000,306915000,Santa Ignacia,0306900000,Tarlac,0300000000,LUZON
0306916000,306916000,City of Tarlac,0306900000,Tarlac,0300000000,LUZON
0306917000,306917000,Victoria,0306900000,Tarlac,0300000000,LUZON
0306918000,306918000,San Jose,0306900000,Tarlac,0300000000,LUZON
0307101000,307101000,Botolan,0307100000,Zambales,0300000000,LUZON
0307102000,307102000,Cabangan,0307100000,Zambales,0300000000,LUZON
0307103000,307103000,Candelaria,0307100000,Zambales,0300000000,LUZON
0307104000,307104000,Castillejos,0307100000,Zambales,0300000000,LUZON
0307105000,307105000,Iba,0307100000,Zambales,0300000000,LUZON
0307106000,307106000,Masinloc,0307100000,Zambales,0300000000,LUZON
0307108000,307108000,Palauig,0307100000,Zambales,0300000000,LUZON
0307109000,307109000,San Antonio,0307100000,Zambales,0300000000,LUZON
0307110000,307110000,San Felipe,0307100000,Zambales,0300000000,LUZON
0307111000,307111000,San Marcelino,0307100000,Zambales,0300000000,LUZON
0307112000,307112000,San Narciso,0307100000,Zambales,0300000000,LUZON
0307113000,307113000,Santa Cruz,0307100000,Zambales,0300000000,LUZON
0307114000,307114000,Subic,0307100000,Zambales,0300000000,LUZON
0307701000,307701000,Baler,0307700000,Aurora,0300000000,LUZON
0307702000,307702000,Casiguran,0307700000,Aurora,0300000000,LUZON
0307703000,307703000,Dilasag,0307700000,Aurora,0300000000,LUZON
0307704000,307704000,Dinalungan,0307700000,Aurora,0300000000,LUZON
0307705000,307705000,Dingalan,0307700000,Aurora,0300000000,LUZON
0307706000,307706000,Dipaculao,0307700000,Aurora,0300000000,LUZON
0307707000,307707000,Maria Aurora,0307700000,Aurora,0300000000,LUZON
0307708000,307708000,San Luis,0307700000,Aurora,0300000000,LUZON
0330100000,330100000,City of Angeles,0305400000,Pampanga,0300000000,LUZON
0331400000,331400000,City of Olongapo,0307100000,Zambales,0300000000,LUZON
0401001000,401001000,Agoncillo,0401000000,Batangas,0400000000,LUZON
0401002000,401002000,Alitagtag,0401000000,Batangas,0400000000,LUZON
0401003000,401003000,Balayan,0401000000,Batangas,0400000000,LUZON
0401004000,401004000,Balete,0401000000,Batangas,0400000000,LUZON
0401005000,401005000,Batangas City,0401000000,Batangas,0400000000,LUZON
0401006000,401006000,Bauan,0401000000,Batangas,0400000000,LUZON
0401007000,401007000,City of Calaca,0401000000,Batangas,0400000000,LUZON
0401008000,401008000,Calatagan,0401000000,Batangas,0400000000,LUZON
0401009000,401009000,Cuenca,0401000000,Batangas,0400000000,LUZON
0401010000,401010000,Ibaan,0401000000,Batangas,0400000000,LUZON
0401011000,401011000,Laurel,0401000000,Batangas,0400000000,LUZON
0401012000,401012000,Lemery,0401000000,Batangas,0400000000,LUZON
0401013000,401013000,Lian,0401000000,Batangas,0400000000,LUZON
0401014000,401014000,City of Lipa,0401000000,Batangas,0400000000,LUZON
0401015000,401015000,Lobo,0401000000,Batangas,0400000000,LUZON
0401016000,401016000,Mabini,0401000000,Batangas,0400000000,LUZON
0401017000,401017000,Malvar,0401000000,Batangas,0400000000,LUZON
0401018000,401018000,Mataasnakahoy,0401000000,Batangas,0400000000,LUZON
0401019000,401019000,Nasugbu,0401000000,Batangas,0400000000,LUZON
0401020000,401020000,Padre Garcia,0401000000,Batangas,0400000000,LUZON
0401021000,401021000,Rosario,0401000000,Batangas,0400000000,LUZON
0401022000,401022000,San Jose,0401000000,Batangas,0400000000,LUZON
0401023000,401023000,San Juan,0401000000,Batangas,0400000000,LUZON
0401024000,401024000,San Luis,0401000000,Batangas,0400000000,LUZON
0401025000,401025000,San Nicolas,0401000000,Batangas,0400000000,LUZON
0401026000,401026000,San Pascual,0401000000,Batangas,0400000000,LUZON
0401027000,401027000,Santa Teresita,0401000000,Batangas,0400000000,LUZON
0401028000,401028000,City of Sto. Tomas,0401000000,Batangas,0400000000,LUZON
0401029000,401029000,Taal,0401000000,Batangas,0400000000,LUZON
0401030000,401030000,Talisay,0401000000,Batangas,0400000000,LUZON
0401031000,401031000,City of Tanauan,0401000000,Batangas,0400000000,LUZON
0401032000,401032000,Taysan,0401000000,Batangas,0400000000,LUZON
0401033000,401033000,Tingloy,0401000000,Batangas,0400000000,LUZON
0401034000,401034000,Tuy,0401000000,Batangas,0400000000,LUZON
0402101000,402101000,Alfonso,0402100000,Cavite,0400000000,LUZON
0402102000,402102000,Amadeo,0402100000,Cavite,0400000000,LUZON
0402103000,402103000,City of Bacoor,0402100000,Cavite,0400000000,LUZON
0402104000,402104000,City of Carmona,0402100000,Cavite,0400000000,LUZON
0402105000,402105000,City of Cavite,0402100000,Cavite,0400000000,LUZON
0402106000,402106000,City of Dasmariñas,0402100000,Cavite,0400000000,LUZON
0402107000,402107000,General Emilio Aguinaldo,0402100000,Cavite,0400000000,LUZON
0402108000,402108000,City of General Trias,0402100000,Cavite,0400000000,LUZON
0402109000,402109000,City of Imus,0402100000,Cavite,0400000000,LUZON
0402110000,402110000,Indang,0402100000,Cavite,0400000000,LUZON
0402111000,402111000,Kawit,0402100000,Cavite,0400000000,LUZON
0402112000,402112000,Magallanes,0402100000,Cavite,0400000000,LUZON
0402113000,402113000,Maragondon,0402100000,Cavite,0400000000,LUZON
0402114000,402114000,Mendez,0402100000,Cavite,0400000000,LUZON
0402115000,402115000,Naic,0402100000,Cavite,0400000000,LUZON
0402116000,402116000,Noveleta,0402100000,Cavite,0400000000,LUZON
0402117000,402117000,Rosario,0402100000,Cavite,0400000000,LUZON
0402118000,402118000,Silang,0402100000,Cavite,0400000000,LUZON
0402119000,402119000,City of Tagaytay,0402100000,Cavite,0400000000,LUZON
0402120000,402120000,Tanza,0402100000,Cavite,0400000000,LUZON
0402121000,402121000,Ternate,0402100000,Cavite,0400000000,LUZON
0402122000,402122000,City of Trece Martires,0402100000,Cavite,0400000000,LUZON
0402123000,402123000,Gen. Mariano Alvarez,0402100000,Cavite,0400000000,LUZON
0403401000,403401000,Alaminos,0403400000,Laguna,0400000000,LUZON
0403402000,403402000,Bay,0403400000,Laguna,0400000000,LUZON
0403403000,403403000,City of Biñan,0403400000,Laguna,0400000000,LUZON
0403404000,403404000,City of Cabuyao,0403400000,Laguna,0400000000,LUZON
0403405000,403405000,City of Calamba,0403400000,Laguna,0400000000,LUZON
0403406000,403406000,Calauan,0403400000,Laguna,0400000000,LUZON
0403407000,403407000,Cavinti,0403400000,Laguna,0400000000,LUZON
0403408000,403408000,Famy,0403400000,Laguna,0400000000,LUZON
0403409000,403409000,Kalayaan,0403400000,Laguna,0400000000,LUZON
0403410000,403410000,Liliw,0403400000,Laguna,0400000000,LUZON
0403411000,403411000,Los Baños,0403400000,Laguna,0400000000,LUZON
0403412000,403412000,Luisiana,0403400000,Laguna,0400000000,LUZON
0403413000,403413000,Lumban,0403400000,Laguna,0400000000,LUZON
0403414000,403414000,Mabitac,0403400000,Laguna,0400000000,LUZON
0403415000,403415000,Magdalena,0403400000,Laguna,0400000000,LUZON
0403416000,403416000,Majayjay,0403400000,Laguna,0400000000,LUZON
0403417000,403417000,Nagcarlan,0403400000,Laguna,0400000000,LUZON
0403418000,403418000,Paete,0403400000,Laguna,0400000000,LUZON
0403419000,403419000,Pagsanjan,0403400000,Laguna,0400000000,LUZON
0403420000,403420000,Pakil,0403400000,Laguna,0400000000,LUZON
0403421000,403421000,Pangil,0403400000,Laguna,0400000000,LUZON
0403422000,403422000,Pila,0403400000,Laguna,0400000000,LUZON
0403423000,403423000,Rizal,0403400000,Laguna,0400000000,LUZON
0403424000,403424000,City of San Pablo,0403400000,Laguna,0400000000,LUZON
0403425000,403425000,City of San Pedro,0403400000,Laguna,0400000000,LUZON
0403426000,403426000,Santa Cruz,0403400000,Laguna,0400000000,LUZON
0403427000,403427000,Santa Maria,0403400000,Laguna,0400000000,LUZON
0403428000,403428000,City of Santa Rosa,0403400000,Laguna,0400000000,LUZON
0403429000,403429000,Siniloan,0403400000,Laguna,0400000000,LUZON
0403430000,403430000,Victoria,0403400000,Laguna,0400000000,LUZON
0405601000,405601000,Agdangan,0405600000,Quezon,0400000000,LUZON
0405602000,405602000,Alabat,0405600000,Quezon,0400000000,LUZON
0405603000,405603000,Atimonan,0405600000,Quezon,0400000000,LUZON
0405605000,405605000,Buenavista,0405600000,Quezon,0400000000,LUZON
0405606000,405606000,Burdeos,0405600000,Quezon,0400000000,LUZON
0405607000,405607000,Calauag,0405600000,Quezon,0400000000,LUZON
0405608000,405608000,Candelaria,0405600000,Quezon,0400000000,LUZON
0405610000,405610000,Catanauan,0405600000,Quezon,0400000000,LUZON
0405615000,405615000,Dolores,0405600000,Quezon,0400000000,LUZON
0405616000,405616000,General Luna,0405600000,Quezon,0400000000,LUZON
0405617000,405617000,General Nakar,0405600000,Quezon,0400000000,LUZON
0405618000,405618000,Guinayangan,0405600000,Quezon,0400000000,LUZON
0405619000,405619000,Gumaca,0405600000,Quezon,0400000000,LUZON
0405620000,405620000,Infanta,0405600000,Quezon,0400000000,LUZON
0405621000,405621000,Jomalig,0405600000,Quezon,0400000000,LUZON
0405622000,405622000,Lopez,0405600000,Quezon,0400000000,LUZON
0405623000,405623000,Lucban,0405600000,Quezon,0400000000,LUZON
0405625000,405625000,Macalelon,0405600000,Quezon,0400000000,LUZON
0405627000,405627000,Mauban,0405600000,Quezon,0400000000,LUZON
0405628000,405628000,Mulanay,0405600000,Quezon,0400000000,LUZON
0405629000,405629000,Padre Burgos,0405600000,Quezon,0400000000,LUZON
0405630000,405630000,Pagbilao,0405600000,Quezon,0400000000,LUZON
0405631000,405631000,Panukulan,0405600000,Quezon,0400000000,LUZON
0405632000,405632000,Patnanungan,0405600000,Quezon,0400000000,LUZON
0405633000,405633000,Perez,0405600000,Quezon,0400000000,LUZON
0405634000,405634000,Pitogo,0405600000,Quezon,0400000000,LUZON
0405635000,405635000,Plaridel,0405600000,Quezon,0400000000,LUZON
0405636000,405636000,Polillo,0405600000,Quezon,0400000000,LUZON
0405637000,405637000,Quezon,0405600000,Quezon,0400000000,LUZON
0405638000,405638000,Real,0405600000,Quezon,0400000000,LUZON
0405639000,405639000,Sampaloc,0405600000,Quezon,0400000000,LUZON
0405640000,405640000,San Andres,0405600000,Quezon,0400000000,LUZON
0405641000,405641000,San Antonio,0405600000,Quezon,0400000000,LUZON
0405642000,405642000,San Francisco,0405600000,Quezon,0400000000,LUZON
0405644000,405644000,San Narciso,0405600000,Quezon,0400000000,LUZON
0405645000,405645000,Sariaya,0405600000,Quezon,0400000000,LUZON
0405646000,405646000,Tagkawayan,0405600000,Quezon,0400000000,LUZON
0405647000,405647000,City of Tayabas,0405600000,Quezon,0400000000,LUZON
0405648000,405648000,Tiaong,0405600000,Quezon,0400000000,LUZON
0405649000,405649000,Unisan,0405600000,Quezon,0400000000,LUZON
0405801000,405801000,Angono,0405800000,Rizal,0400000000,LUZON
0405802000,405802000,City of Antipolo,0405800000,Rizal,0400000000,LUZON
0405803000,405803000,Baras,0405800000,Rizal,0400000000,LUZON
0405804000,405804000,Binangonan,0405800000,Rizal,0400000000,LUZON
0405805000,405805000,Cainta,0405800000,Rizal,0400000000,LUZON
0405806000,405806000,Cardona,0405800000,Rizal,0400000000,LUZON
0405807000,405807000,Jala-Jala,0405800000,Rizal,0400000000,LUZON
0405808000,405808000,Rodriguez,0405800000,Rizal,0400000000,LUZON
0405809000,405809000,Morong,0405800000,Rizal,0400000000,LUZON
0405810000,405810000,Pililla,0405800000,Rizal,0400000000,LUZON
0405811000,405811000,San Mateo,0405800000,Rizal,0400000000,LUZON
0405812000,405812000,Tanay,0405800000,Rizal,0400000000,LUZON
0405813000,405813000,Taytay,0405800000,Rizal,0400000000,LUZON
0405814000,405814000,Teresa,0405800000,Rizal,0400000000,LUZON
0431200000,431200000,City of Lucena,0405600000,Quezon,0400000000,LUZON
0500501000,500501000,Bacacay,0500500000,Albay,0500000000,LUZON
0500502000,500502000,Camalig,0500500000,Albay,0500000000,LUZON
0500503000,500503000,Daraga,0500500000,Albay,0500000000,LUZON
0500504000,500504000,Guinobatan,0500500000,Albay,0500000000,LUZON
0500505000,500505000,Jovellar,0500500000,Albay,0500000000,LUZON
0500506000,500506000,City of Legazpi,0500500000,Albay,0500000000,LUZON
0500507000,500507000,Libon,0500500000,Albay,0500000000,LUZON
0500508000,500508000,City of Ligao,0500500000,Albay,0500000000,LUZON
0500509000,500509000,Malilipot,0500500000,Albay,0500000000,LUZON
0500510000,500510000,Malinao,0500500000,Albay,0500000000,LUZON
0500511000,500511000,Manito,0500500000,Albay,0500000000,LUZON
0500512000,500512000,Oas,0500500000,Albay,0500000000,LUZON
0500513000,500513000,Pio Duran,0500500000,Albay,0500000000,LUZON
0500514000,500514000,Polangui,0500500000,Albay,0500000000,LUZON
0500515000,500515000,Rapu-Rapu,0500500000,Albay,0500000000,LUZON
0500516000,500516000,Santo Domingo,0500500000,Albay,0500000000,LUZON
0500517000,500517000,City of Tabaco,0500500000,Albay,0500000000,LUZON
0500518000,500518000,Tiwi,0500500000,Albay,0500000000,LUZON
0501601000,501601000,Basud,0501600000,Camarines Norte,0500000000,LUZON
0501602000,501602000,Capalonga,0501600000,Camarines Norte,0500000000,LUZON
0501603000,501603000,Daet,0501600000,Camarines Norte,0500000000,LUZON
0501604000,501604000,San Lorenzo Ruiz,0501600000,Camarines Norte,0500000000,LUZON
0501605000,501605000,Jose Panganiban,0501600000,Camarines Norte,0500000000,LUZON
0501606000,501606000,Labo,0501600000,Camarines Norte,0500000000,LUZON
0501607000,501607000,Mercedes,0501600000,Camarines Norte,0500000000,LUZON
0501608000,501608000,Paracale,0501600000,Camarines Norte,0500000000,LUZON
0501609000,501609000,San Vicente,0501600000,Camarines Norte,0500000000,LUZON
0501610000,501610000,Santa Elena,0501600000,Camarines Norte,0500000000,LUZON
0501611000,501611000,Talisay,0501600000,Camarines Norte,0500000000,LUZON
0501612000,501612000,Vinzons,0501600000,Camarines Norte,0500000000,LUZON
0501701000,501701000,Baao,0501700000,Camarines Sur,0500000000,LUZON
0501702000,501702000,Balatan,0501700000,Camarines Sur,0500000000,LUZON
0501703000,501703000,Bato,0501700000,Camarines Sur,0500000000,LUZON
0501704000,501704000,Bombon,0501700000,Camarines Sur,0500000000,LUZON
0501705000,501705000,Buhi,0501700000,Camarines Sur,0500000000,LUZON
0501706000,501706000,Bula,0501700000,Camarines Sur,0500000000,LUZON
0501707000,501707000,Cabusao,0501700000,Camarines Sur,0500000000,LUZON
0501708000,501708000,Calabanga,0501700000,Camarines Sur,0500000000,LUZON
0501709000,501709000,Camaligan,0501700000,Camarines Sur,0500000000,LUZON
0501710000,501710000,Canaman,0501700000,Camarines Sur,0500000000,LUZON
0501711000,501711000,Caramoan,0501700000,Camarines Sur,0500000000,LUZON
0501712000,501712000,Del Gallego,0501700000,Camarines Sur,0500000000,LUZON
0501713000,501713000,Gainza,0501700000,Camarines Sur,0500000000,LUZON
0501714000,501714000,Garchitorena,0501700000,Camarines Sur,0500000000,LUZON
0501715000,501715000,Goa,0501700000,Camarines Sur,0500000000,LUZON
0501716000,501716000,City of Iriga,0501700000,Camarines Sur,0500000000,LUZON
0501717000,501717000,Lagonoy,0501700000,Camarines Sur,0500000000,LUZON
0501718000,501718000,Libmanan,0501700000,Camarines Sur,0500000000,LUZON
0501719000,501719000,Lupi,0501700000,Camarines Sur,0500000000,LUZON
0501720000,501720000,Magarao,0501700000,Camarines Sur,0500000000,LUZON
0501721000,501721000,Milaor,0501700000,Camarines Sur,0500000000,LUZON
0501722000,501722000,Minalabac,0501700000,Camarines Sur,0500000000,LUZON
0501723000,501723000,Nabua,0501700000,Camarines Sur,0500000000,LUZON
0501724000,501724000,City of Naga,0501700000,Camarines Sur,0500000000,LUZON
0501725000,501725000,Ocampo,0501700000,Camarines Sur,0500000000,LUZON
0501726000,501726000,Pamplona,0501700000,Camarines Sur,0500000000,LUZON
0501727000,501727000,Pasacao,0501700000,Camarines Sur,0500000000,LUZON
0501728000,501728000,Pili,0501700000,Camarines Sur,0500000000,LUZON
0501729000,501729000,Presentacion,0501700000,Camarines Sur,0500000000,LUZON
0501730000,501730000,Ragay,0501700000,Camarines Sur,0500000000,LUZON
0501731000,501731000,Sagñay,0501700000,Camarines Sur,0500000000,LUZON
0501732000,501732000,San Fernando,0501700000,Camarines Sur,0500000000,LUZON
0501733000,501733000,San Jose,0501700000,Camarines Sur,0500000000,LUZON
0501734000,501734000,Sipocot,0501700000,Camarines Sur,0500000000,LUZON
0501735000,501735000,Siruma,0501700000,Camarines Sur,0500000000,LUZON
0501736000,501736000,Tigaon,0501700000,Camarines Sur,0500000000,LUZON
0501737000,501737000,Tinambac,0501700000,Camarines Sur,0500000000,LUZON
0502001000,502001000,Bagamanoc,0502000000,Catanduanes,0500000000,LUZON
0502002000,502002000,Baras,0502000000,Catanduanes,0500000000,LUZON
0502003000,502003000,Bato,0502000000,Catanduanes,0500000000,LUZON
0502004000,502004000,Caramoran,0502000000,Catanduanes,0500000000,LUZON
0502005000,502005000,Gigmoto,0502000000,Catanduanes,0500000000,LUZON
0502006000,502006000,Pandan,0502000000,Catanduanes,0500000000,LUZON
0502007000,502007000,Panganiban,0502000000,Catanduanes,0500000000,LUZON
0502008000,502008000,San Andres,0502000000,Catanduanes,0500000000,LUZON
0502009000,502009000,San Miguel,0502000000,Catanduanes,0500000000,LUZON
0502010000,502010000,Viga,0502000000,Catanduanes,0500000000,LUZON
0502011000,502011000,Virac,0502000000,Catanduanes,0500000000,LUZON
0504101000,504101000,Aroroy,0504100000,Masbate,0500000000,LUZON
0504102000,504102000,Baleno,0504100000,Masbate,0500000000,LUZON
0504103000,504103000,Balud,0504100000,Masbate,0500000000,LUZON
0504104000,504104000,Batuan,0504100000,Masbate,0500000000,LUZON
0504105000,504105000,Cataingan,0504100000,Masbate,0500000000,LUZON
0504106000,504106000,Cawayan,0504100000,Masbate,0500000000,LUZON
0504107000,504107000,Claveria,0504100000,Masbate,0500000000,LUZON
0504108000,504108000,Dimasalang,0504100000,Masbate,0500000000,LUZON
0504109000,504109000,Esperanza,0504100000,Masbate,0500000000,LUZON
0504110000,504110000,Mandaon,0504100000,Masbate,0500000000,LUZON
0504111000,504111000,City of Masbate,0504100000,Masbate,0500000000,LUZON
0504112000,504112000,Milagros,0504100000,Masbate,0500000000,LUZON
0504113000,504113000,Mobo,0504100000,Masbate,0500000000,LUZON
0504114000,504114000,Monreal,0504100000,Masbate,0500000000,LUZON
0504115000,504115000,Palanas,0504100000,Masbate,0500000000,LUZON
0504116000,504116000,Pio V. Corpus,0504100000,Masbate,0500000000,LUZON
0504117000,504117000,Placer,0504100000,Masbate,0500000000,LUZON
0504118000,504118000,San Fernando,0504100000,Masbate,0500000000,LUZON
0504119000,504119000,San Jacinto,0504100000,Masbate,0500000000,LUZON
0504120000,504120000,San Pascual,0504100000,Masbate,0500000000,LUZON
0504121000,504121000,Uson,0504100000,Masbate,0500000000,LUZON
0506202000,506202000,Barcelona,0506200000,Sorsogon,0500000000,LUZON
0506203000,506203000,Bulan,0506200000,Sorsogon,0500000000,LUZON
0506204000,506204000,Bulusan,0506200000,Sorsogon,0500000000,LUZON
0506205000,506205000,Casiguran,0506200000,Sorsogon,0500000000,LUZON
0506206000,506206000,Castilla,0506200000,Sorsogon,0500000000,LUZON
0506207000,506207000,Donsol,0506200000,Sorsogon,0500000000,LUZON
0506208000,506208000,Gubat,0506200000,Sorsogon,0500000000,LUZON
0506209000,506209000,Irosin,0506200000,Sorsogon,0500000000,LUZON
0506210000,506210000,Juban,0506200000,Sorsogon,0500000000,LUZON
0506211000,506211000,Magallanes,0506200000,Sorsogon,0500000000,LUZON
0506212000,506212000,Matnog,0506200000,Sorsogon,0500000000,LUZON
0506213000,506213000,Pilar,0506200000,Sorsogon,0500000000,LUZON
0506214000,506214000,Prieto Diaz,0506200000,Sorsogon,0500000000,LUZON
0506215000,506215000,Santa Magdalena,0506200000,Sorsogon,0500000000,LUZON
0506216000,506216000,City of Sorsogon,0506200000,Sorsogon,0500000000,LUZON
0600401000,600401000,Altavas,0600400000,Aklan,0600000000,VISAYAS
0600402000,600402000,Balete,0600400000,Aklan,0600000000,VISAYAS
0600403000,600403000,Banga,0600400000,Aklan,0600000000,VISAYAS
0600404000,600404000,Batan,0600400000,Aklan,0600000000,VISAYAS
0600405000,600405000,Buruanga,0600400000,Aklan,0600000000,VISAYAS
0600406000,600406000,Ibajay,0600400000,Aklan,0600000000,VISAYAS
0600407000,600407000,Kalibo,0600400000,Aklan,0600000000,VISAYAS
0600408000,600408000,Lezo,0600400000,Aklan,0600000000,VISAYAS
0600409000,600409000,Libacao,0600400000,Aklan,0600000000,VISAYAS
0600410000,600410000,Madalag,0600400000,Aklan,0600000000,VISAYAS
0600411000,600411000,Makato,0600400000,Aklan,0600000000,VISAYAS
0600412000,600412000,Malay,0600400000,Aklan,0600000000,VISAYAS
0600413000,600413000,Malinao,0600400000,Aklan,0600000000,VISAYAS
0600414000,600414000,Nabas,0600400000,Aklan,0600000000,VISAYAS
0600415000,600415000,New Washington,0600400000,Aklan,0600000000,VISAYAS
0600416000,600416000,Numancia,0600400000,Aklan,0600000000,VISAYAS
0600417000,600417000,Tangalan,0600400000,Aklan,0600000000,VISAYAS
0600601000,600601000,Anini-Y,0600600000,Antique,0600000000,VISAYAS
0600602000,600602000,Barbaza,0600600000,Antique,0600000000,VISAYAS
0600603000,600603000,Belison,0600600000,Antique,0600000000,VISAYAS
0600604000,600604000,Bugasong,0600600000,Antique,0600000000,VISAYAS
0600605000,600605000,Caluya,0600600000,Antique,0600000000,VISAYAS
0600606000,600606000,Culasi,0600600000,Antique,0600000000,VISAYAS
0600607000,600607000,Tobias Fornier,0600600000,Antique,0600000000,VISAYAS
0600608000,600608000,Hamtic,0600600000,Antique,0600000000,VISAYAS
0600609000,600609000,Laua-An,0600600000,Antique,0600000000,VISAYAS
0600610000,600610000,Libertad,0600600000,Antique,0600000000,VISAYAS
0600611000,600611000,Pandan,0600600000,Antique,0600000000,VISAYAS
0600612000,600612000,Patnongon,0600600000,Antique,0600000000,VISAYAS
0600613000,600613000,San Jose,0600600000,Antique,0600000000,VISAYAS
0600614000,600614000,San Remigio,0600600000,Antique,0600000000,VISAYAS
0600615000,600615000,Sebaste,0600600000,Antique,0600000000,VISAYAS
0600616000,600616000,Sibalom,0600600000,Antique,0600000000,VISAYAS
0600617000,600617000,Tibiao,0600600000,Antique,0600000000,VISAYAS
0600618000,600618000,Valderrama,0600600000,Antique,0600000000,VISAYAS
0601901000,601901000,Cuartero,0601900000,Capiz,0600000000,VISAYAS
0601902000,601902000,Dao,0601900000,Capiz,0600000000,VISAYAS
0601903000,601903000,Dumalag,0601900000,Capiz,0600000000,VISAYAS
0601904000,601904000,Dumarao,0601900000,Capiz,0600000000,VISAYAS
0601905000,601905000,Ivisan,0601900000,Capiz,0600000000,VISAYAS
0601906000,601906000,Jamindan,0601900000,Capiz,0600000000,VISAYAS
0601907000,601907000,Ma-Ayon,0601900000,Capiz,0600000000,VISAYAS
0601908000,601908000,Mambusao,0601900000,Capiz,0600000000,VISAYAS
0601909000,601909000,Panay,0601900000,Capiz,0600000000,VISAYAS
0601910000,601910000,Panitan,0601900000,Capiz,0600000000,VISAYAS
0601911000,601911000,Pilar,0601900000,Capiz,0600000000,VISAYAS
0601912000,601912000,Pontevedra,0601900000,Capiz,0600000000,VISAYAS
0601913000,601913000,President Roxas,0601900000,Capiz,0600000000,VISAYAS
0601914000,601914000,City of Roxas,0601900000,Capiz,0600000000,VISAYAS
0601915000,601915000,Sapi-An,0601900000,Capiz,0600000000,VISAYAS
0601916000,601916000,Sigma,0601900000,Capiz,0600000000,VISAYAS
0601917000,601917000,Tapaz,0601900000,Capiz,0600000000,VISAYAS
0603001000,603001000,Ajuy,0603000000,Iloilo,0600000000,VISAYAS
0603002000,603002000,Alimodian,0603000000,Iloilo,0600000000,VISAYAS
0603003000,603003000,Anilao,0603000000,Iloilo,0600000000,VISAYAS
0603004000,603004000,Badiangan,0603000000,Iloilo,0600000000,VISAYAS
0603005000,603005000,Balasan,0603000000,Iloilo,0600000000,VISAYAS
0603006000,603006000,Banate,0603000000,Iloilo,0600000000,VISAYAS
0603007000,603007000,Barotac Nuevo,0603000000,Iloilo,0600000000,VISAYAS
0603008000,603008000,Barotac Viejo,0603000000,Iloilo,0600000000,VISAYAS
0603009000,603009000,Batad,0603000000,Iloilo,0600000000,VISAYAS
0603010000,603010000,Bingawan,0603000000,Iloilo,0600000000,VISAYAS
0603012000,603012000,Cabatuan,0603000000,Iloilo,0600000000,VISAYAS
0603013000,603013000,Calinog,0603000000,Iloilo,0600000000,VISAYAS
0603014000,603014000,Carles,0603000000,Iloilo,0600000000,VISAYAS
0603015000,603015000,Concepcion,0603000000,Iloilo,0600000000,VISAYAS
0603016000,603016000,Dingle,0603000000,Iloilo,0600000000,VISAYAS
0603017000,603017000,Dueñas,0603000000,Iloilo,0600000000,VISAYAS
0603018000,603018000,Dumangas,0603000000,Iloilo,0600000000,VISAYAS
0603019000,603019000,Estancia,0603000000,Iloilo,0600000000,VISAYAS
0603020000,603020000,Guimbal,0603000000,Iloilo,0600000000,VISAYAS
0603021000,603021000,Igbaras,0603000000,Iloilo,0600000000,VISAYAS
0603023000,603023000,Janiuay,0603000000,Iloilo,0600000000,VISAYAS
0603025000,603025000,Lambunao,0603000000,Iloilo,0600000000,VISAYAS
0603026000,603026000,Leganes,0603000000,Iloilo,0600000000,VISAYAS
0603027000,603027000,Lemery,0603000000,Iloilo,0600000000,VISAYAS
0603028000,603028000,Leon,0603000000,Iloilo,0600000000,VISAYAS
0603029000,603029000,Maasin,0603000000,Iloilo,0600000000,VISAYAS
0603030000,603030000,Miagao,0603000000,Iloilo,0600000000,VISAYAS
0603031000,603031000,Mina,0603000000,Iloilo,0600000000,VISAYAS
0603032000,603032000,New Lucena,0603000000,Iloilo,0600000000,VISAYAS
0603034000,603034000,Oton,0603000000,Iloilo,0600000000,VISAYAS
0603035000,603035000,City of Passi,0603000000,Iloilo,0600000000,VISAYAS
0603036000,603036000,Pavia,0603000000,Iloilo,0600000000,VISAYAS
0603037000,603037000,Pototan,0603000000,Iloilo,0600000000,VISAYAS
0603038000,603038000,San Dionisio,0603000000,Iloilo,0600000000,VISAYAS
0603039000,603039000,San Enrique,0603000000,Iloilo,0600000000,VISAYAS
0603040000,603040000,San Joaquin,0603000000,Iloilo,0600000000,VISAYAS
0603041000,603041000,San Miguel,0603000000,Iloilo,0600000000,VISAYAS
0603042000,603042000,San Rafael,0603000000,Iloilo,0600000000,VISAYAS
0603043000,603043000,Santa Barbara,0603000000,Iloilo,0600000000,VISAYAS
0603044000,603044000,Sara,0603000000,Iloilo,0600000000,VISAYAS
0603045000,603045000,Tigbauan,0603000000,Iloilo,0600000000,VISAYAS
0603046000,603046000,Tubungan,0603000000,Iloilo,0600000000,VISAYAS
0603047000,603047000,Zarraga,0603000000,Iloilo,0600000000,VISAYAS
0607901000,607901000,Buenavista,0607900000,Guimaras,0600000000,VISAYAS
0607902000,607902000,Jordan,0607900000,Guimaras,0600000000,VISAYAS
0607903000,607903000,Nueva Valencia,0607900000,Guimaras,0600000000,VISAYAS
0607904000,607904000,San Lorenzo,0607900000,Guimaras,0600000000,VISAYAS
0607905000,607905000,Sibunag,0607900000,Guimaras,0600000000,VISAYAS
0631000000,631000000,City of Iloilo,0603000000,Iloilo,0600000000,VISAYAS
0701201000,701201000,Alburquerque,0701200000,Bohol,0700000000,VISAYAS
0701202000,701202000,Alicia,0701200000,Bohol,0700000000,VISAYAS
0701203000,701203000,Anda,0701200000,Bohol,0700000000,VISAYAS
0701204000,701204000,Antequera,0701200000,Bohol,0700000000,VISAYAS
0701205000,701205000,Baclayon,0701200000,Bohol,0700000000,VISAYAS
0701206000,701206000,Balilihan,0701200000,Bohol,0700000000,VISAYAS
0701207000,701207000,Batuan,0701200000,Bohol,0700000000,VISAYAS
0701208000,701208000,Bilar,0701200000,Bohol,0700000000,VISAYAS
0701209000,701209000,Buenavista,0701200000,Bohol,0700000000,VISAYAS
0701210000,701210000,Calape,0701200000,Bohol,0700000000,VISAYAS
0701211000,701211000,Candijay,0701200000,Bohol,0700000000,VISAYAS
0701212000,701212000,Carmen,0701200000,Bohol,0700000000,VISAYAS
0701213000,701213000,Catigbian,0701200000,Bohol,0700000000,VISAYAS
0701214000,701214000,Clarin,0701200000,Bohol,0700000000,VISAYAS
0701215000,701215000,Corella,0701200000,Bohol,0700000000,VISAYAS
0701216000,701216000,Cortes,0701200000,Bohol,0700000000,VISAYAS
0701217000,701217000,Dagohoy,0701200000,Bohol,0700000000,VISAYAS
0701218000,701218000,Danao,0701200000,Bohol,0700000000,VISAYAS
0701219000,701219000,Dauis,0701200000,Bohol,0700000000,VISAYAS
0701220000,701220000,Dimiao,0701200000,Bohol,0700000000,VISAYAS
0701221000,701221000,Duero,0701200000,Bohol,0700000000,VISAYAS
0701222000,701222000,Garcia Hernandez,0701200000,Bohol,0700000000,VISAYAS
0701223000,701223000,Guindulman,0701200000,Bohol,0700000000,VISAYAS
0701224000,701224000,Inabanga,0701200000,Bohol,0700000000,VISAYAS
0701225000,701225000,Jagna,0701200000,Bohol,0700000000,VISAYAS
0701226000,701226000,Getafe,0701200000,Bohol,0700000000,VISAYAS
0701227000,701227000,Lila,0701200000,Bohol,0700000000,VISAYAS
0701228000,701228000,Loay,0701200000,Bohol,0700000000,VISAYAS
0701229000,701229000,Loboc,0701200000,Bohol,0700000000,VISAYAS
0701230000,701230000,Loon,0701200000,Bohol,0700000000,VISAYAS
0701231000,701231000,Mabini,0701200000,Bohol,0700000000,VISAYAS
0701232000,701232000,Maribojoc,0701200000,Bohol,0700000000,VISAYAS
0701233000,701233000,Panglao,0701200000,Bohol,0700000000,VISAYAS
0701234000,701234000,Pilar,0701200000,Bohol,0700000000,VISAYAS
0701235000,701235000,President Carlos P. Garcia,0701200000,Bohol,0700000000,VISAYAS
0701236000,701236000,Sagbayan,0701200000,Bohol,0700000000,VISAYAS
0701237000,701237000,San Isidro,0701200000,Bohol,0700000000,VISAYAS
0701238000,701238000,San Miguel,0701200000,Bohol,0700000000,VISAYAS
0701239000,701239000,Sevilla,0701200000,Bohol,0700000000,VISAYAS
0701240000,701240000,Sierra Bullones,0701200000,Bohol,0700000000,VISAYAS
0701241000,701241000,Sikatuna,0701200000,Bohol,0700000000,VISAYAS
0701242000,701242000,City of Tagbilaran,0701200000,Bohol,0700000000,VISAYAS
0701243000,701243000,Talibon,0701200000,Bohol,0700000000,VISAYAS
0701244000,701244000,Trinidad,0701200000,Bohol,0700000000,VISAYAS
0701245000,701245000,Tubigon,0701200000,Bohol,0700000000,VISAYAS
0701246000,701246000,Ubay,0701200000,Bohol,0700000000,VISAYAS
0701247000,701247000,Valencia,0701200000,Bohol,0700000000,VISAYAS
0701248000,701248000,Bien Unido,0701200000,Bohol,0700000000,VISAYAS
0702201000,702201000,Alcantara,0702200000,Cebu,0700000000,VISAYAS
0702202000,702202000,Alcoy,0702200000,Cebu,0700000000,VISAYAS
0702203000,702203000,Alegria,0702200000,Cebu,0700000000,VISAYAS
0702204000,702204000,Aloguinsan,0702200000,Cebu,0700000000,VISAYAS
0702205000,702205000,Argao,0702200000,Cebu,0700000000,VISAYAS
0702206000,702206000,Asturias,0702200000,Cebu,0700000000,VISAYAS
0702207000,702207000,Badian,0702200000,Cebu,0700000000,VISAYAS
0702208000,702208000,Balamban,0702200000,Cebu,0700000000,VISAYAS
0702209000,702209000,Bantayan,0702200000,Cebu,0700000000,VISAYAS
0702210000,702210000,Barili,0702200000,Cebu,0700000000,VISAYAS
0702211000,702211000,City of Bogo,0702200000,Cebu,0700000000,VISAYAS
0702212000,702212000,Boljoon,0702200000,Cebu,0700000000,VISAYAS
0702213000,702213000,Borbon,0702200000,Cebu,0700000000,VISAYAS
0702214000,702214000,City of Carcar,0702200000,Cebu,0700000000,VISAYAS
0702215000,702215000,Carmen,0702200000,Cebu,0700000000,VISAYAS
0702216000,702216000,Catmon,0702200000,Cebu,0700000000,VISAYAS
0702218000,702218000,Compostela,0702200000,Cebu,0700000000,VISAYAS
0702219000,702219000,Consolacion,0702200000,Cebu,0700000000,VISAYAS
0702220000,702220000,Cordova,0702200000,Cebu,0700000000,VISAYAS
0702221000,702221000,Daanbantayan,0702200000,Cebu,0700000000,VISAYAS
0702222000,702222000,Dalaguete,0702200000,Cebu,0700000000,VISAYAS
0702223000,702223000,Danao City,0702200000,Cebu,0700000000,VISAYAS
0702224000,702224000,Dumanjug,0702200000,Cebu,0700000000,VISAYAS
0702225000,702225000,Ginatilan,0702200000,Cebu,0700000000,VISAYAS
0702227000,702227000,Liloan,0702200000,Cebu,0700000000,VISAYAS
0702228000,702228000,Madridejos,0702200000,Cebu,0700000000,VISAYAS
0702229000,702229000,Malabuyoc,0702200000,Cebu,0700000000,VISAYAS
0702231000,702231000,Medellin,0702200000,Cebu,0700000000,VISAYAS
0702232000,702232000,Minglanilla,0702200000,Cebu,0700000000,VISAYAS
0702233000,702233000,Moalboal,0702200000,Cebu,0700000000,VISAYAS
0702234000,702234000,City of Naga,0702200000,Cebu,0700000000,VISAYAS
0702235000,702235000,Oslob,0702200000,Cebu,0700000000,VISAYAS
0702236000,702236000,Pilar,0702200000,Cebu,0700000000,VISAYAS
0702237000,702237000,Pinamungajan,0702200000,Cebu,0700000000,VISAYAS
0702238000,702238000,Poro,0702200000,Cebu,0700000000,VISAYAS
0702239000,702239000,Ronda,0702200000,Cebu,0700000000,VISAYAS
0702240000,702240000,Samboan,0702200000,Cebu,0700000000,VISAYAS
0702241000,702241000,San Fernando,0702200000,Cebu,0700000000,VISAYAS
0702242000,702242000,San Francisco,0702200000,Cebu,0700000000,VISAYAS
0702243000,702243000,San Remigio,0702200000,Cebu,0700000000,VISAYAS
0702244000,702244000,Santa Fe,0702200000,Cebu,0700000000,VISAYAS
0702245000,702245000,Santander,0702200000,Cebu,0700000000,VISAYAS
0702246000,702246000,Sibonga,0702200000,Cebu,0700000000,VISAYAS
0702247000,702247000,Sogod,0702200000,Cebu,0700000000,VISAYAS
0702248000,702248000,Tabogon,0702200000,Cebu,0700000000,VISAYAS
0702249000,702249000,Tabuelan,0702200000,Cebu,0700000000,VISAYAS
0702250000,702250000,City of Talisay,0702200000,Cebu,0700000000,VISAYAS
0702251000,702251000,City of Toledo,0702200000,Cebu,0700000000,VISAYAS
0702252000,702252000,Tuburan,0702200000,Cebu,0700000000,VISAYAS
0702253000,702253000,Tudela,0702200000,Cebu,0700000000,VISAYAS
0730600000,730600000,City of Cebu,0702200000,Cebu,0700000000,VISAYAS
0731100000,731100000,City of Lapu-Lapu,0702200000,Cebu,0700000000,VISAYAS
0731300000,731300000,City of Mandaue,0702200000,Cebu,0700000000,VISAYAS
0802601000,802601000,Arteche,0802600000,Eastern Samar,0800000000,VISAYAS
0802602000,802602000,Balangiga,0802600000,Eastern Samar,0800000000,VISAYAS
0802603000,802603000,Balangkayan,0802600000,Eastern Samar,0800000000,VISAYAS
0802604000,802604000,City of Borongan,0802600000,Eastern Samar,0800000000,VISAYAS
0802605000,802605000,Can-Avid,0802600000,Eastern Samar,0800000000,VISAYAS
0802606000,802606000,Dolores,0802600000,Eastern Samar,0800000000,VISAYAS
0802607000,802607000,General Macarthur,0802600000,Eastern Samar,0800000000,VISAYAS
0802608000,802608000,Giporlos,0802600000,Eastern Samar,0800000000,VISAYAS
0802609000,802609000,Guiuan,0802600000,Eastern Samar,0800000000,VISAYAS
0802610000,802610000,Hernani,0802600000,Eastern Samar,0800000000,VISAYAS
0802611000,802611000,Jipapad,0802600000,Eastern Samar,0800000000,VISAYAS
0802612000,802612000,Lawaan,0802600000,Eastern Samar,0800000000,VISAYAS
0802613000,802613000,Llorente,0802600000,Eastern Samar,0800000000,VISAYAS
0802614000,802614000,Maslog,0802600000,Eastern Samar,0800000000,VISAYAS
0802615000,802615000,Maydolong,0802600000,Eastern Samar,0800000000,VISAYAS
0802616000,802616000,Mercedes,0802600000,Eastern Samar,0800000000,VISAYAS
0802617000,802617000,Oras,0802600000,Eastern Samar,0800000000,VISAYAS
0802618000,802618000,Quinapondan,0802600000,Eastern Samar,0800000000,VISAYAS
0802619000,802619000,Salcedo,0802600000,Eastern Samar,0800000000,VISAYAS
0802620000,802620000,San Julian,0802600000,Eastern Samar,0800000000,VISAYAS
0802621000,802621000,San Policarpo,0802600000,Eastern Samar,0800000000,VISAYAS
0802622000,802622000,Sulat,0802600000,Eastern Samar,0800000000,VISAYAS
0802623000,802623000,Taft,0802600000,Eastern Samar,0800000000,VISAYAS
0803701000,803701000,Abuyog,0803700000,Leyte,0800000000,VISAYAS
0803702000,803702000,Alangalang,0803700000,Leyte,0800000000,VISAYAS
0803703000,803703000,Albuera,0803700000,Leyte,0800000000,VISAYAS
0803705000,803705000,Babatngon,0803700000,Leyte,0800000000,VISAYAS
0803706000,803706000,Barugo,0803700000,Leyte,0800000000,VISAYAS
0803707000,803707000,Bato,0803700000,Leyte,0800000000,VISAYAS
0803708000,803708000,City of Baybay,0803700000,Leyte,0800000000,VISAYAS
0803710000,803710000,Burauen,0803700000,Leyte,0800000000,VISAYAS
0803713000,803713000,Calubian,0803700000,Leyte,0800000000,VISAYAS
0803714000,803714000,Capoocan,0803700000,Leyte,0800000000,VISAYAS
0803715000,803715000,Carigara,0803700000,Leyte,0800000000,VISAYAS
0803717000,803717000,Dagami,0803700000,Leyte,0800000000,VISAYAS
0803718000,803718000,Dulag,0803700000,Leyte,0800000000,VISAYAS
0803719000,803719000,Hilongos,0803700000,Leyte,0800000000,VISAYAS
0803720000,803720000,Hindang,0803700000,Leyte,0800000000,VISAYAS
0803721000,803721000,Inopacan,0803700000,Leyte,0800000000,VISAYAS
0803722000,803722000,Isabel,0803700000,Leyte,0800000000,VISAYAS
0803723000,803723000,Jaro,0803700000,Leyte,0800000000,VISAYAS
0803724000,803724000,Javier,0803700000,Leyte,0800000000,VISAYAS
0803725000,803725000,Julita,0803700000,Leyte,0800000000,VISAYAS
0803726000,803726000,Kananga,0803700000,Leyte,0800000000,VISAYAS
0803728000,803728000,La Paz,0803700000,Leyte,0800000000,VISAYAS
0803729000,803729000,Leyte,0803700000,Leyte,0800000000,VISAYAS
0803730000,803730000,Macarthur,0803700000,Leyte,0800000000,VISAYAS
0803731000,803731000,Mahaplag,0803700000,Leyte,0800000000,VISAYAS
0803733000,803733000,Matag-Ob,0803700000,Leyte,0800000000,VISAYAS
0803734000,803734000,Matalom,0803700000,Leyte,0800000000,VISAYAS
0803735000,803735000,Mayorga,0803700000,Leyte,0800000000,VISAYAS
0803736000,803736000,Merida,0803700000,Leyte,0800000000,VISAYAS
0803738000,803738000,Ormoc City,0803700000,Leyte,0800000000,VISAYAS
0803739000,803739000,Palo,0803700000,Leyte,0800000000,VISAYAS
0803740000,803740000,Palompon,0803700000,Leyte,0800000000,VISAYAS
0803741000,803741000,Pastrana,0803700000,Leyte,0800000000,VISAYAS
0803742000,803742000,San Isidro,0803700000,Leyte,0800000000,VISAYAS
0803743000,803743000,San Miguel,0803700000,Leyte,0800000000,VISAYAS
0803744000,803744000,Santa Fe,0803700000,Leyte,0800000000,VISAYAS
0803745000,803745000,Tabango,0803700000,Leyte,0800000000,VISAYAS
0803746000,803746000,Tabontabon,0803700000,Leyte,0800000000,VISAYAS
0803748000,803748000,Tanauan,0803700000,Leyte,0800000000,VISAYAS
0803749000,803749000,Tolosa,0803700000,Leyte,0800000000,VISAYAS
0803750000,803750000,Tunga,0803700000,Leyte,0800000000,VISAYAS
0803751000,803751000,Villaba,0803700000,Leyte,0800000000,VISAYAS
0804801000,804801000,Allen,0804800000,Northern Samar,0800000000,VISAYAS
0804802000,804802000,Biri,0804800000,Northern Samar,0800000000,VISAYAS
0804803000,804803000,Bobon,0804800000,Northern Samar,0800000000,VISAYAS
0804804000,804804000,Capul,0804800000,Northern Samar,0800000000,VISAYAS
0804805000,804805000,Catarman,0804800000,Northern Samar,0800000000,VISAYAS
0804806000,804806000,Catubig,0804800000,Northern Samar,0800000000,VISAYAS
0804807000,804807000,Gamay,0804800000,Northern Samar,0800000000,VISAYAS
0804808000,804808000,Laoang,0804800000,Northern Samar,0800000000,VISAYAS
0804809000,804809000,Lapinig,0804800000,Northern Samar,0800000000,VISAYAS
0804810000,804810000,Las Navas,0804800000,Northern Samar,0800000000,VISAYAS
0804811000,804811000,Lavezares,0804800000,Northern Samar,0800000000,VISAYAS
0804812000,804812000,Mapanas,0804800000,Northern Samar,0800000000,VISAYAS
0804813000,804813000,Mondragon,0804800000,Northern Samar,0800000000,VISAYAS
0804814000,804814000,Palapag,0804800000,Northern Samar,0800000000,VISAYAS
0804815000,804815000,Pambujan,0804800000,Northern Samar,0800000000,VISAYAS
0804816000,804816000,Rosario,0804800000,Northern Samar,0800000000,VISAYAS
0804817000,804817000,San Antonio,0804800000,Northern Samar,0800000000,VISAYAS
0804818000,804818000,San Isidro,0804800000,Northern Samar,0800000000,VISAYAS
0804819000,804819000,San Jose,0804800000,Northern Samar,0800000000,VISAYAS
0804820000,804820000,San Roque,0804800000,Northern Samar,0800000000,VISAYAS
0804821000,804821000,San Vicente,0804800000,Northern Samar,0800000000,VISAYAS
0804822000,804822000,Silvino Lobos,0804800000,Northern Samar,0800000000,VISAYAS
0804823000,804823000,Victoria,0804800000,Northern Samar,0800000000,VISAYAS
0804824000,804824000,Lope De Vega,0804800000,Northern Samar,0800000000,VISAYAS
0806001000,806001000,Almagro,0806000000,Samar,0800000000,VISAYAS
0806002000,806002000,Basey,0806000000,Samar,0800000000,VISAYAS
0806003000,806003000,City of Calbayog,0806000000,Samar,0800000000,VISAYAS
0806004000,806004000,Calbiga,0806000000,Samar,0800000000,VISAYAS
0806005000,806005000,City of Catbalogan,0806000000,Samar,0800000000,VISAYAS
0806006000,806006000,Daram,0806000000,Samar,0800000000,VISAYAS
0806007000,806007000,Gandara,0806000000,Samar,0800000000,VISAYAS
0806008000,806008000,Hinabangan,0806000000,Samar,0800000000,VISAYAS
0806009000,806009000,Jiabong,0806000000,Samar,0800000000,VISAYAS
0806010000,806010000,Marabut,0806000000,Samar,0800000000,VISAYAS
0806011000,806011000,Matuguinao,0806000000,Samar,0800000000,VISAYAS
0806012000,806012000,Motiong,0806000000,Samar,0800000000,VISAYAS
0806013000,806013000,Pinabacdao,0806000000,Samar,0800000000,VISAYAS
0806014000,806014000,San Jose De Buan,0806000000,Samar,0800000000,VISAYAS
0806015000,806015000,San Sebastian,0806000000,Samar,0800000000,VISAYAS
0806016000,806016000,Santa Margarita,0806000000,Samar,0800000000,VISAYAS
0806017000,806017000,Santa Rita,0806000000,Samar,0800000000,VISAYAS
0806018000,806018000,Santo Niño,0806000000,Samar,0800000000,VISAYAS
0806019000,806019000,Talalora,0806000000,Samar,0800000000,VISAYAS
0806020000,806020000,Tarangnan,0806000000,Samar,0800000000,VISAYAS
0806021000,806021000,Villareal,0806000000,Samar,0800000000,VISAYAS
0806022000,806022000,Paranas,0806000000,Samar,0800000000,VISAYAS
0806023000,806023000,Zumarraga,0806000000,Samar,0800000000,VISAYAS
0806024000,806024000,Tagapul-An,0806000000,Samar,0800000000,VISAYAS
0806025000,806025000,San Jorge,0806000000,Samar,0800000000,VISAYAS
0806026000,806026000,Pagsanghan,0806000000,Samar,0800000000,VISAYAS
0806401000,806401000,Anahawan,0806400000,Southern Leyte,0800000000,VISAYAS
0806402000,806402000,Bontoc,0806400000,Southern Leyte,0800000000,VISAYAS
0806403000,806403000,Hinunangan,0806400000,Southern Leyte,0800000000,VISAYAS
0806404000,806404000,Hinundayan,0806400000,Southern Leyte,0800000000,VISAYAS
0806405000,806405000,Libagon,0806400000,Southern Leyte,0800000000,VISAYAS
0806406000,806406000,Liloan,0806400000,Southern Leyte,0800000000,VISAYAS
0806407000,806407000,City of Maasin,0806400000,Southern Leyte,0800000000,VISAYAS
0806408000,806408000,Macrohon,0806400000,Southern Leyte,0800000000,VISAYAS
0806409000,806409000,Malitbog,0806400000,Southern Leyte,0800000000,VISAYAS
0806410000,806410000,Padre Burgos,0806400000,Southern Leyte,0800000000,VISAYAS
0806411000,806411000,Pintuyan,0806400000,Southern Leyte,0800000000,VISAYAS
0806412000,806412000,Saint Bernard,0806400000,Southern Leyte,0800000000,VISAYAS
0806413000,806413000,San Francisco,0806400000,Southern Leyte,0800000000,VISAYAS
0806414000,806414000,San Juan,0806400000,Southern Leyte,0800000000,VISAYAS
0806415000,806415000,San Ricardo,0806400000,Southern Leyte,0800000000,VISAYAS
0806416000,806416000,Silago,0806400000,Southern Leyte,0800000000,VISAYAS
0806417000,806417000,Sogod,0806400000,Southern Leyte,0800000000,VISAYAS
0806418000,806418000,Tomas Oppus,0806400000,Southern Leyte,0800000000,VISAYAS
0806419000,806419000,Limasawa,0806400000,Southern Leyte,0800000000,VISAYAS
0807801000,807801000,Almeria,0807800000,Biliran,0800000000,VISAYAS
0807802000,807802000,Biliran,0807800000,Biliran,0800000000,VISAYAS
0807803000,807803000,Cabucgayan,0807800000,Biliran,0800000000,VISAYAS
0807804000,807804000,Caibiran,0807800000,Biliran,0800000000,VISAYAS
0807805000,807805000,Culaba,0807800000,Biliran,0800000000,VISAYAS
0807806000,807806000,Kawayan,0807800000,Biliran,0800000000,VISAYAS
0807807000,807807000,Maripipi,0807800000,Biliran,0800000000,VISAYAS
0807808000,807808000,Naval,0807800000,Biliran,0800000000,VISAYAS
0831600000,831600000,City of Tacloban,0803700000,Leyte,0800000000,VISAYAS
0906601000,1906601000,Indanan,0906600000,Sulu,0900000000,MINDANAO
0906602000,1906602000,Jolo,0906600000,Sulu,0900000000,MINDANAO
0906603000,1906603000,Kalingalan Caluang,0906600000,Sulu,0900000000,MINDANAO
0906604000,1906604000,Luuk,0906600000,Sulu,0900000000,MINDANAO
0906605000,1906605000,Maimbung,0906600000,Sulu,0900000000,MINDANAO
0906606000,1906606000,Hadji Panglima Tahil,0906600000,Sulu,0900000000,MINDANAO
0906607000,1906607000,Old Panamao,0906600000,Sulu,0900000000,MINDANAO
0906608000,1906608000,Pangutaran,0906600000,Sulu,0900000000,MINDANAO
0906609000,1906609000,Parang,0906600000,Sulu,0900000000,MINDANAO
0906610000,1906610000,Pata,0906600000,Sulu,0900000000,MINDANAO
0906611000,1906611000,Patikul,0906600000,Sulu,0900000000,MINDANAO
0906612000,1906612000,Siasi,0906600000,Sulu,0900000000,MINDANAO
0906613000,1906613000,Talipao,0906600000,Sulu,0900000000,MINDANAO
0906614000,1906614000,Tapul,0906600000,Sulu,0900000000,MINDANAO
0906615000,1906615000,Tongkil,0906600000,Sulu,0900000000,MINDANAO
0906616000,1906616000,Panglima Estino,0906600000,Sulu,0900000000,MINDANAO
0906617000,1906617000,Lugus,0906600000,Sulu,0900000000,MINDANAO
0906618000,1906618000,Pandami,0906600000,Sulu,0900000000,MINDANAO
0906619000,1906619000,Omar,0906600000,Sulu,0900000000,MINDANAO
0907201000,907201000,City of Dapitan,0907200000,Zamboanga del Norte,0900000000,MINDANAO
0907202000,907202000,City of Dipolog,0907200000,Zamboanga del Norte,0900000000,MINDANAO
0907203000,907203000,Katipunan,0907200000,Zamboanga del Norte,0900000000,MINDANAO
0907204000,907204000,La Libertad,0907200000,Zamboanga del Norte,0900000000,MINDANAO
0907205000,907205000,Labason,0907200000,Zamboanga del Norte,0900000000,MINDANAO
0907206000,907206000,Liloy,0907200000,Zamboanga del Norte,0900000000,MINDANAO
0907207000,907207000,Manukan,0907200000,Zamboanga del Norte,0900000000,MINDANAO
0907208000,907208000,Mutia,0907200000,Zamboanga del Norte,0900000000,MINDANAO
0907209000,907209000,Piñan,0907200000,Zamboanga del Norte,0900000000,MINDANAO
0907210000,907210000,Polanco,0907200000,Zamboanga del Norte,0900000000,MINDANAO
0907211000,907211000,Pres. Manuel A. Roxas,0907200000,Zamboanga del Norte,0900000000,MINDANAO
0907212000,907212000,Rizal,0907200000,Zamboanga del Norte,0900000000,MINDANAO
0907213000,907213000,Salug,0907200000,Zamboanga del Norte,0900000000,MINDANAO
0907214000,907214000,Sergio Osmeña Sr.,0907200000,Zamboanga del Norte,0900000000,MINDANAO
0907215000,907215000,Siayan,0907200000,Zamboanga del Norte,0900000000,MINDANAO
0907216000,907216000,Sibuco,0907200000,Zamboanga del Norte,0900000000,MINDANAO
0907217000,907217000,Sibutad,0907200000,Zamboanga del Norte,0900000000,MINDANAO
0907218000,907218000,Sindangan,0907200000,Zamboanga del Norte,0900000000,MINDANAO
0907219000,907219000,Siocon,0907200000,Zamboanga del Norte,0900000000,MINDANAO
0907220000,907220000,Sirawai,0907200000,Zamboanga del Norte,0900000000,MINDANAO
0907221000,907221000,Tampilisan,0907200000,Zamboanga del Norte,0900000000,MINDANAO
0907222000,907222000,Jose Dalman,0907200000,Zamboanga del Norte,0900000000,MINDANAO
0907223000,907223000,Gutalac,0907200000,Zamboanga del Norte,0900000000,MINDANAO
0907224000,907224000,Baliguian,0907200000,Zamboanga del Norte,0900000000,MINDANAO
0907225000,907225000,Godod,0907200000,Zamboanga del Norte,0900000000,MINDANAO
0907226000,907226000,Leon T. Postigo,0907200000,Zamboanga del Norte,0900000000,MINDANAO
0907227000,907227000,Kalawit,0907200000,Zamboanga del Norte,0900000000,MINDANAO
0907302000,907302000,Aurora,0907300000,Zamboanga del Sur,0900000000,MINDANAO
0907303000,907303000,Bayog,0907300000,Zamboanga del Sur,0900000000,MINDANAO
0907305000,907305000,Dimataling,0907300000,Zamboanga del Sur,0900000000,MINDANAO
0907306000,907306000,Dinas,0907300000,Zamboanga del Sur,0900000000,MINDANAO
0907307000,907307000,Dumalinao,0907300000,Zamboanga del Sur,0900000000,MINDANAO
0907308000,907308000,Dumingag,0907300000,Zamboanga del Sur,0900000000,MINDANAO
0907311000,907311000,Kumalarang,0907300000,Zamboanga del Sur,0900000000,MINDANAO
0907312000,907312000,Labangan,0907300000,Zamboanga del Sur,0900000000,MINDANAO
0907313000,907313000,Lapuyan,0907300000,Zamboanga del Sur,0900000000,MINDANAO
0907315000,907315000,Mahayag,0907300000,Zamboanga del Sur,0900000000,MINDANAO
0907317000,907317000,Margosatubig,0907300000,Zamboanga del Sur,0900000000,MINDANAO
0907318000,907318000,Midsalip,0907300000,Zamboanga del Sur,0900000000,MINDANAO
0907319000,907319000,Molave,0907300000,Zamboanga del Sur,0900000000,MINDANAO
0907322000,907322000,City of Pagadian,0907300000,Zamboanga del Sur,0900000000,MINDANAO
0907323000,907323000,Ramon Magsaysay,0907300000,Zamboanga del Sur,0900000000,MINDANAO
0907324000,907324000,San Miguel,0907300000,Zamboanga del Sur,0900000000,MINDANAO
0907325000,907325000,San Pablo,0907300000,Zamboanga del Sur,0900000000,MINDANAO
0907327000,907327000,Tabina,0907300000,Zamboanga del Sur,0900000000,MINDANAO
0907328000,907328000,Tambulig,0907300000,Zamboanga del Sur,0900000000,MINDANAO
0907330000,907330000,Tukuran,0907300000,Zamboanga del Sur,0900000000,MINDANAO
0907333000,907333000,Lakewood,0907300000,Zamboanga del Sur,0900000000,MINDANAO
0907337000,907337000,Josefina,0907300000,Zamboanga del Sur,0900000000,MINDANAO
0907338000,907338000,Pitogo,0907300000,Zamboanga del Sur,0900000000,MINDANAO
0907340000,907340000,Sominot,0907300000,Zamboanga del Sur,0900000000,MINDANAO
0907341000,907341000,Vincenzo A. Sagun,0907300000,Zamboanga del Sur,0900000000,MINDANAO
0907343000,907343000,Guipos,0907300000,Zamboanga del Sur,0900000000,MINDANAO
0907344000,907344000,Tigbao,0907300000,Zamboanga del Sur,0900000000,MINDANAO
0908301000,908301000,Alicia,0908300000,Zamboanga Sibugay,0900000000,MINDANAO
0908302000,908302000,Buug,0908300000,Zamboanga Sibugay,0900000000,MINDANAO
0908303000,908303000,Diplahan,0908300000,Zamboanga Sibugay,0900000000,MINDANAO
0908304000,908304000,Imelda,0908300000,Zamboanga Sibugay,0900000000,MINDANAO
0908305000,908305000,Ipil,0908300000,Zamboanga Sibugay,0900000000,MINDANAO
0908306000,908306000,Kabasalan,0908300000,Zamboanga Sibugay,0900000000,MINDANAO
0908307000,908307000,Mabuhay,0908300000,Zamboanga Sibugay,0900000000,MINDANAO
0908308000,908308000,Malangas,0908300000,Zamboanga Sibugay,0900000000,MINDANAO
0908309000,908309000,Naga,0908300000,Zamboanga Sibugay,0900000000,MINDANAO
0908310000,908310000,Olutanga,0908300000,Zamboanga Sibugay,0900000000,MINDANAO
0908311000,908311000,Payao,0908300000,Zamboanga Sibugay,0900000000,MINDANAO
0908312000,908312000,Roseller Lim,0908300000,Zamboanga Sibugay,0900000000,MINDANAO
0908313000,908313000,Siay,0908300000,Zamboanga Sibugay,0900000000,MINDANAO
0908314000,908314000,Talusan,0908300000,Zamboanga Sibugay,0900000000,MINDANAO
0908315000,908315000,Titay,0908300000,Zamboanga Sibugay,0900000000,MINDANAO
0908316000,908316000,Tungawan,0908300000,Zamboanga Sibugay,0900000000,MINDANAO
0931700000,931700000,City of Zamboanga,0907300000,Zamboanga del Sur,0900000000,MINDANAO
0990101000,990101000,City of Isabela,0990100000,City of Isabela (Not a Province),0900000000,MINDANAO
1001301000,1001301000,Baungon,1001300000,Bukidnon,1000000000,MINDANAO
1001302000,1001302000,Damulog,1001300000,Bukidnon,1000000000,MINDANAO
1001303000,1001303000,Dangcagan,1001300000,Bukidnon,1000000000,MINDANAO
1001304000,1001304000,Don Carlos,1001300000,Bukidnon,1000000000,MINDANAO
1001305000,1001305000,Impasug-ong,1001300000,Bukidnon,1000000000,MINDANAO
1001306000,1001306000,Kadingilan,1001300000,Bukidnon,1000000000,MINDANAO
1001307000,1001307000,Kalilangan,1001300000,Bukidnon,1000000000,MINDANAO
1001308000,1001308000,Kibawe,1001300000,Bukidnon,1000000000,MINDANAO
1001309000,1001309000,Kitaotao,1001300000,Bukidnon,1000000000,MINDANAO
1001310000,1001310000,Lantapan,1001300000,Bukidnon,1000000000,MINDANAO
1001311000,1001311000,Libona,1001300000,Bukidnon,1000000000,MINDANAO
1001312000,1001312000,City of Malaybalay,1001300000,Bukidnon,1000000000,MINDANAO
1001313000,1001313000,Malitbog,1001300000,Bukidnon,1000000000,MINDANAO
1001314000,1001314000,Manolo Fortich,1001300000,Bukidnon,1000000000,MINDANAO
1001315000,1001315000,Maramag,1001300000,Bukidnon,1000000000,MINDANAO
1001316000,1001316000,Pangantucan,1001300000,Bukidnon,1000000000,MINDANAO
1001317000,1001317000,Quezon,1001300000,Bukidnon,1000000000,MINDANAO
1001318000,1001318000,San Fernando,1001300000,Bukidnon,1000000000,MINDANAO
1001319000,1001319000,Sumilao,1001300000,Bukidnon,1000000000,MINDANAO
1001320000,1001320000,Talakag,1001300000,Bukidnon,1000000000,MINDANAO
1001321000,1001321000,City of Valencia,1001300000,Bukidnon,1000000000,MINDANAO
1001322000,1001322000,Cabanglasan,1001300000,Bukidnon,1000000000,MINDANAO
1001801000,1001801000,Catarman,1001800000,Camiguin,1000000000,MINDANAO
1001802000,1001802000,Guinsiliban,1001800000,Camiguin,1000000000,MINDANAO
1001803000,1001803000,Mahinog,1001800000,Camiguin,1000000000,MINDANAO
1001804000,1001804000,Mambajao,1001800000,Camiguin,1000000000,MINDANAO
1001805000,1001805000,Sagay,1001800000,Camiguin,1000000000,MINDANAO
1003501000,1003501000,Bacolod,1003500000,Lanao del Norte,1000000000,MINDANAO
1003502000,1003502000,Baloi,1003500000,Lanao del Norte,1000000000,MINDANAO
1003503000,1003503000,Baroy,1003500000,Lanao del Norte,1000000000,MINDANAO
1003505000,1003505000,Kapatagan,1003500000,Lanao del Norte,1000000000,MINDANAO
1003506000,1003506000,Sultan Naga Dimaporo,1003500000,Lanao del Norte,1000000000,MINDANAO
1003507000,1003507000,Kauswagan,1003500000,Lanao del Norte,1000000000,MINDANAO
1003508000,1003508000,Kolambugan,1003500000,Lanao del Norte,1000000000,MINDANAO
1003509000,1003509000,Lala,1003500000,Lanao del Norte,1000000000,MINDANAO
1003510000,1003510000,Linamon,1003500000,Lanao del Norte,1000000000,MINDANAO
1003511000,1003511000,Magsaysay,1003500000,Lanao del Norte,1000000000,MINDANAO
1003512000,1003512000,Maigo,1003500000,Lanao del Norte,1000000000,MINDANAO
1003513000,1003513000,Matungao,1003500000,Lanao del Norte,1000000000,MINDANAO
1003514000,1003514000,Munai,1003500000,Lanao del Norte,1000000000,MINDANAO
1003515000,1003515000,Nunungan,1003500000,Lanao del Norte,1000000000,MINDANAO
1003516000,1003516000,Pantao Ragat,1003500000,Lanao del Norte,1000000000,MINDANAO
1003517000,1003517000,Poona Piagapo,1003500000,Lanao del Norte,1000000000,MINDANAO
1003518000,1003518000,Salvador,1003500000,Lanao del Norte,1000000000,MINDANAO
1003519000,1003519000,Sapad,1003500000,Lanao del Norte,1000000000,MINDANAO
1003520000,1003520000,Tagoloan,1003500000,Lanao del Norte,1000000000,MINDANAO
1003521000,1003521000,Tangcal,1003500000,Lanao del Norte,1000000000,MINDANAO
1003522000,1003522000,Tubod,1003500000,Lanao del Norte,1000000000,MINDANAO
1003523000,1003523000,Pantar,1003500000,Lanao del Norte,1000000000,MINDANAO
1004201000,1004201000,Aloran,1004200000,Misamis Occidental,1000000000,MINDANAO
1004202000,1004202000,Baliangao,1004200000,Misamis Occidental,1000000000,MINDANAO
1004203000,1004203000,Bonifacio,1004200000,Misamis Occidental,1000000000,MINDANAO
1004204000,1004204000,Calamba,1004200000,Misamis Occidental,1000000000,MINDANAO
1004205000,1004205000,Clarin,1004200000,Misamis Occidental,1000000000,MINDANAO
1004206000,1004206000,Concepcion,1004200000,Misamis Occidental,1000000000,MINDANAO
1004207000,1004207000,Jimenez,1004200000,Misamis Occidental,1000000000,MINDANAO
1004208000,1004208000,Lopez Jaena,1004200000,Misamis Occidental,1000000000,MINDANAO
1004209000,1004209000,City of Oroquieta,1004200000,Misamis Occidental,1000000000,MINDANAO
1004210000,1004210000,City of Ozamiz,1004200000,Misamis Occidental,1000000000,MINDANAO
1004211000,1004211000,Panaon,1004200000,Misamis Occidental,1000000000,MINDANAO
1004212000,1004212000,Plaridel,1004200000,Misamis Occidental,1000000000,MINDANAO
1004213000,1004213000,Sapang Dalaga,1004200000,Misamis Occidental,1000000000,MINDANAO
1004214000,1004214000,Sinacaban,1004200000,Misamis Occidental,1000000000,MINDANAO
1004215000,1004215000,City of Tangub,1004200000,Misamis Occidental,1000000000,MINDANAO
1004216000,1004216000,Tudela,1004200000,Misamis Occidental,1000000000,MINDANAO
1004217000,1004217000,Don Victoriano,1004200000,Misamis Occidental,1000000000,MINDANAO
1004301000,1004301000,Alubijid,1004300000,Misamis Oriental,1000000000,MINDANAO
1004302000,1004302000,Balingasag,1004300000,Misamis Oriental,1000000000,MINDANAO
1004303000,1004303000,Balingoan,1004300000,Misamis Oriental,1000000000,MINDANAO
1004304000,1004304000,Binuangan,1004300000,Misamis Oriental,1000000000,MINDANAO
1004306000,1004306000,Claveria,1004300000,Misamis Oriental,1000000000,MINDANAO
1004307000,1004307000,City of El Salvador,1004300000,Misamis Oriental,1000000000,MINDANAO
1004308000,1004308000,City of Gingoog,1004300000,Misamis Oriental,1000000000,MINDANAO
1004309000,1004309000,Gitagum,1004300000,Misamis Oriental,1000000000,MINDANAO
1004310000,1004310000,Initao,1004300000,Misamis Oriental,1000000000,MINDANAO
1004311000,1004311000,Jasaan,1004300000,Misamis Oriental,1000000000,MINDANAO
1004312000,1004312000,Kinoguitan,1004300000,Misamis Oriental,1000000000,MINDANAO
1004313000,1004313000,Lagonglong,1004300000,Misamis Oriental,1000000000,MINDANAO
1004314000,1004314000,Laguindingan,1004300000,Misamis Oriental,1000000000,MINDANAO
1004315000,1004315000,Libertad,1004300000,Misamis Oriental,1000000000,MINDANAO
1004316000,1004316000,Lugait,1004300000,Misamis Oriental,1000000000,MINDANAO
1004317000,1004317000,Magsaysay,1004300000,Misamis Oriental,1000000000,MINDANAO
1004318000,1004318000,Manticao,1004300000,Misamis Oriental,1000000000,MINDANAO
1004319000,1004319000,Medina,1004300000,Misamis Oriental,1000000000,MINDANAO
1004320000,1004320000,Naawan,1004300000,Misamis Oriental,1000000000,MINDANAO
1004321000,1004321000,Opol,1004300000,Misamis Oriental,1000000000,MINDANAO
1004322000,1004322000,Salay,1004300000,Misamis Oriental,1000000000,MINDANAO
1004323000,1004323000,Sugbongcogon,1004300000,Misamis Oriental,1000000000,MINDANAO
1004324000,1004324000,Tagoloan,1004300000,Misamis Oriental,1000000000,MINDANAO
1004325000,1004325000,Talisayan,1004300000,Misamis Oriental,1000000000,MINDANAO
1004326000,1004326000,Villanueva,1004300000,Misamis Oriental,1000000000,MINDANAO
1030500000,1030500000,City of Cagayan De Oro,1004300000,Misamis Oriental,1000000000,MINDANAO
1030900000,1030900000,City of Iligan,1003500000,Lanao del Norte,1000000000,MINDANAO
1102301000,1102301000,Asuncion,1102300000,Davao del Norte,1100000000,MINDANAO
1102303000,1102303000,Carmen,1102300000,Davao del Norte,1100000000,MINDANAO
1102305000,1102305000,Kapalong,1102300000,Davao del Norte,1100000000,MINDANAO
1102314000,1102314000,New Corella,1102300000,Davao del Norte,1100000000,MINDANAO
1102315000,1102315000,City of Panabo,1102300000,Davao del Norte,1100000000,MINDANAO
1102317000,1102317000,Island Garden City of Samal,1102300000,Davao del Norte,1100000000,MINDANAO
1102318000,1102318000,Santo Tomas,1102300000,Davao del Norte,1100000000,MINDANAO
1102319000,1102319000,City of Tagum,1102300000,Davao del Norte,1100000000,MINDANAO
1102322000,1102322000,Talaingod,1102300000,Davao del Norte,1100000000,MINDANAO
1102323000,1102323000,Braulio E. Dujali,1102300000,Davao del Norte,1100000000,MINDANAO
1102324000,1102324000,Sawata,1102300000,Davao del Norte,1100000000,MINDANAO
1102401000,1102401000,Bansalan,1102400000,Davao del Sur,1100000000,MINDANAO
1102403000,1102403000,City of Digos,1102400000,Davao del Sur,1100000000,MINDANAO
1102404000,1102404000,Hagonoy,1102400000,Davao del Sur,1100000000,MINDANAO
1102406000,1102406000,Kiblawan,1102400000,Davao del Sur,1100000000,MINDANAO
1102407000,1102407000,Magsaysay,1102400000,Davao del Sur,1100000000,MINDANAO
1102408000,1102408000,Malalag,1102400000,Davao del Sur,1100000000,MINDANAO
1102410000,1102410000,Matanao,1102400000,Davao del Sur,1100000000,MINDANAO
1102411000,1102411000,Padada,1102400000,Davao del Sur,1100000000,MINDANAO
1102412000,1102412000,Santa Cruz,1102400000,Davao del Sur,1100000000,MINDANAO
1102414000,1102414000,Sulop,1102400000,Davao del Sur,1100000000,MINDANAO
1102501000,1102501000,Baganga,1102500000,Davao Oriental,1100000000,MINDANAO
1102502000,1102502000,Banaybanay,1102500000,Davao Oriental,1100000000,MINDANAO
1102503000,1102503000,Boston,1102500000,Davao Oriental,1100000000,MINDANAO
1102504000,1102504000,Caraga,1102500000,Davao Oriental,1100000000,MINDANAO
1102505000,1102505000,Cateel,1102500000,Davao Oriental,1100000000,MINDANAO
1102506000,1102506000,Governor Generoso,1102500000,Davao Oriental,1100000000,MINDANAO
1102507000,1102507000,Lupon,1102500000,Davao Oriental,1100000000,MINDANAO
1102508000,1102508000,Manay,1102500000,Davao Oriental,1100000000,MINDANAO
1102509000,1102509000,City of Mati,1102500000,Davao Oriental,1100000000,MINDANAO
1102510000,1102510000,San Isidro,1102500000,Davao Oriental,1100000000,MINDANAO
1102511000,1102511000,Tarragona,1102500000,Davao Oriental,1100000000,MINDANAO
1108201000,1108201000,Compostela,1108200000,Davao de Oro,1100000000,MINDANAO
1108202000,1108202000,Laak,1108200000,Davao de Oro,1100000000,MINDANAO
1108203000,1108203000,Mabini,1108200000,Davao de Oro,1100000000,MINDANAO
1108204000,1108204000,Maco,1108200000,Davao de Oro,1100000000,MINDANAO
1108205000,1108205000,Maragusan,1108200000,Davao de Oro,1100000000,MINDANAO
1108206000,1108206000,Mawab,1108200000,Davao de Oro,1100000000,MINDANAO
1108207000,1108207000,Monkayo,1108200000,Davao de Oro,1100000000,MINDANAO
1108208000,1108208000,Montevista,1108200000,Davao de Oro,1100000000,MINDANAO
1108209000,1108209000,Nabunturan,1108200000,Davao de Oro,1100000000,MINDANAO
1108210000,1108210000,New Bataan,1108200000,Davao de Oro,1100000000,MINDANAO
1108211000,1108211000,Pantukan,1108200000,Davao de Oro,1100000000,MINDANAO
1108601000,1108601000,Don Marcelino,1108600000,Davao Occidental,1100000000,MINDANAO
1108602000,1108602000,Jose Abad Santos,1108600000,Davao Occidental,1100000000,MINDANAO
1108603000,1108603000,Malita,1108600000,Davao Occidental,1100000000,MINDANAO
1108604000,1108604000,Santa Maria,1108600000,Davao Occidental,1100000000,MINDANAO
1108605000,1108605000,Sarangani,1108600000,Davao Occidental,1100000000,MINDANAO
1130700000,1130700000,City of Davao,1102400000,Davao del Sur,1100000000,MINDANAO
1204701000,1204701000,Alamada,1204700000,Cotabato,1200000000,MINDANAO
1204702000,1204702000,Carmen,1204700000,Cotabato,1200000000,MINDANAO
1204703000,1204703000,Kabacan,1204700000,Cotabato,1200000000,MINDANAO
1204704000,1204704000,City of Kidapawan,1204700000,Cotabato,1200000000,MINDANAO
1204705000,1204705000,Libungan,1204700000,Cotabato,1200000000,MINDANAO
1204706000,1204706000,Magpet,1204700000,Cotabato,1200000000,MINDANAO
1204707000,1204707000,Makilala,1204700000,Cotabato,1200000000,MINDANAO
1204708000,1204708000,Matalam,1204700000,Cotabato,1200000000,MINDANAO
1204709000,1204709000,Midsayap,1204700000,Cotabato,1200000000,MINDANAO
1204710000,1204710000,M'Lang,1204700000,Cotabato,1200000000,MINDANAO
1204711000,1204711000,Pigkawayan,1204700000,Cotabato,1200000000,MINDANAO
1204712000,1204712000,Pikit,1204700000,Cotabato,1200000000,MINDANAO
1204713000,1204713000,President Roxas,1204700000,Cotabato,1200000000,MINDANAO
1204714000,1204714000,Tulunan,1204700000,Cotabato,1200000000,MINDANAO
1204715000,1204715000,Antipas,1204700000,Cotabato,1200000000,MINDANAO
1204716000,1204716000,Banisilan,1204700000,Cotabato,1200000000,MINDANAO
1204717000,1204717000,Aleosan,1204700000,Cotabato,1200000000,MINDANAO
1204718000,1204718000,Arakan,1204700000,Cotabato,1200000000,MINDANAO
1206302000,1206302000,Banga,1206300000,South Cotabato,1200000000,MINDANAO
1206306000,1206306000,City of Koronadal,1206300000,South Cotabato,1200000000,MINDANAO
1206311000,1206311000,Norala,1206300000,South Cotabato,1200000000,MINDANAO
1206312000,1206312000,Polomolok,1206300000,South Cotabato,1200000000,MINDANAO
1206313000,1206313000,Surallah,1206300000,South Cotabato,1200000000,MINDANAO
1206314000,1206314000,Tampakan,1206300000,South Cotabato,1200000000,MINDANAO
1206315000,1206315000,Tantangan,1206300000,South Cotabato,1200000000,MINDANAO
1206316000,1206316000,T'Boli,1206300000,South Cotabato,1200000000,MINDANAO
1206317000,1206317000,Tupi,1206300000,South Cotabato,1200000000,MINDANAO
1206318000,1206318000,Santo Niño,1206300000,South Cotabato,1200000000,MINDANAO
1206319000,1206319000,Lake Sebu,1206300000,South Cotabato,1200000000,MINDANAO
1206501000,1206501000,Bagumbayan,1206500000,Sultan Kudarat,1200000000,MINDANAO
1206502000,1206502000,Columbio,1206500000,Sultan Kudarat,1200000000,MINDANAO
1206503000,1206503000,Esperanza,1206500000,Sultan Kudarat,1200000000,MINDANAO
1206504000,1206504000,Isulan,1206500000,Sultan Kudarat,1200000000,MINDANAO
1206505000,1206505000,Kalamansig,1206500000,Sultan Kudarat,1200000000,MINDANAO
1206506000,1206506000,Lebak,1206500000,Sultan Kudarat,1200000000,MINDANAO
1206507000,1206507000,Lutayan,1206500000,Sultan Kudarat,1200000000,MINDANAO
1206508000,1206508000,Lambayong,1206500000,Sultan Kudarat,1200000000,MINDANAO
1206509000,1206509000,Palimbang,1206500000,Sultan Kudarat,1200000000,MINDANAO
1206510000,1206510000,President Quirino,1206500000,Sultan Kudarat,1200000000,MINDANAO
1206511000,1206511000,City of Tacurong,1206500000,Sultan Kudarat,1200000000,MINDANAO
1206512000,1206512000,Sen. Ninoy Aquino,1206500000,Sultan Kudarat,1200000000,MINDANAO
1208001000,1208001000,Alabel,1208000000,Sarangani,1200000000,MINDANAO
1208002000,1208002000,Glan,1208000000,Sarangani,1200000000,MINDANAO
1208003000,1208003000,Kiamba,1208000000,Sarangani,1200000000,MINDANAO
1208004000,1208004000,Maasim,1208000000,Sarangani,1200000000,MINDANAO
1208005000,1208005000,Maitum,1208000000,Sarangani,1200000000,MINDANAO
1208006000,1208006000,Malapatan,1208000000,Sarangani,1200000000,MINDANAO
1208007000,1208007000,Malungon,1208000000,Sarangani,1200000000,MINDANAO
1230800000,1230800000,City of General Santos,1206300000,South Cotabato,1200000000,MINDANAO
1380100000,1380100000,City of Caloocan,1300000000,National Capital Region,1300000000,LUZON
1380200000,1380200000,City of Las Piñas,1300000000,National Capital Region,1300000000,LUZON
1380300000,1380300000,City of Makati,1300000000,National Capital Region,1300000000,LUZON
1380400000,1380400000,City of Malabon,1300000000,National Capital Region,1300000000,LUZON
1380500000,1380500000,City of Mandaluyong,1300000000,National Capital Region,1300000000,LUZON
1380600000,1380600000,City of Manila,1300000000,National Capital Region,1300000000,LUZON
1380700000,1380700000,City of Marikina,1300000000,National Capital Region,1300000000,LUZON
1380800000,1380800000,City of Muntinlupa,1300000000,National Capital Region,1300000000,LUZON
1380900000,1380900000,City of Navotas,1300000000,National Capital Region,1300000000,LUZON
1381000000,1381000000,City of Parañaque,1300000000,National Capital Region,1300000000,LUZON
1381100000,1381100000,Pasay City,1300000000,National Capital Region,1300000000,LUZON
1381200000,1381200000,City of Pasig,1300000000,National Capital Region,1300000000,LUZON
1381300000,1381300000,Quezon City,1300000000,National Capital Region,1300000000,LUZON
1381400000,1381400000,City of San Juan,1300000000,National Capital Region,1300000000,LUZON
1381500000,1381500000,City of Taguig,1300000000,National Capital Region,1300000000,LUZON
1381600000,1381600000,City of Valenzuela,1300000000,National Capital Region,1300000000,LUZON
1381701000,1381701000,Pateros,1300000000,National Capital Region,1300000000,LUZON
1400101000,1400101000,Bangued,1400100000,Abra,1400000000,LUZON
1400102000,1400102000,Boliney,1400100000,Abra,1400000000,LUZON
1400103000,1400103000,Bucay,1400100000,Abra,1400000000,LUZON
1400104000,1400104000,Bucloc,1400100000,Abra,1400000000,LUZON
1400105000,1400105000,Daguioman,1400100000,Abra,1400000000,LUZON
1400106000,1400106000,Danglas,1400100000,Abra,1400000000,LUZON
1400107000,1400107000,Dolores,1400100000,Abra,1400000000,LUZON
1400108000,1400108000,La Paz,1400100000,Abra,1400000000,LUZON
1400109000,1400109000,Lacub,1400100000,Abra,1400000000,LUZON
1400110000,1400110000,Lagangilang,1400100000,Abra,1400000000,LUZON
1400111000,1400111000,Lagayan,1400100000,Abra,1400000000,LUZON
1400112000,1400112000,Langiden,1400100000,Abra,1400000000,LUZON
1400113000,1400113000,Licuan-Baay,1400100000,Abra,1400000000,LUZON
1400114000,1400114000,Luba,1400100000,Abra,1400000000,LUZON
1400115000,1400115000,Malibcong,1400100000,Abra,1400000000,LUZON
1400116000,1400116000,Manabo,1400100000,Abra,1400000000,LUZON
1400117000,1400117000,Peñarrubia,1400100000,Abra,1400000000,LUZON
1400118000,1400118000,Pidigan,1400100000,Abra,1400000000,LUZON
1400119000,1400119000,Pilar,1400100000,Abra,1400000000,LUZON
1400120000,1400120000,Sallapadan,1400100000,Abra,1400000000,LUZON
1400121000,1400121000,San Isidro,1400100000,Abra,1400000000,LUZON
1400122000,1400122000,San Juan,1400100000,Abra,1400000000,LUZON
1400123000,1400123000,San Quintin,1400100000,Abra,1400000000,LUZON
1400124000,1400124000,Tayum,1400100000,Abra,1400000000,LUZON
1400125000,1400125000,Tineg,1400100000,Abra,1400000000,LUZON
1400126000,1400126000,Tubo,1400100000,Abra,1400000000,LUZON
1400127000,1400127000,Villaviciosa,1400100000,Abra,1400000000,LUZON
1401101000,1401101000,Atok,1401100000,Benguet,1400000000,LUZON
1401103000,1401103000,Bakun,1401100000,Benguet,1400000000,LUZON
1401104000,1401104000,Bokod,1401100000,Benguet,1400000000,LUZON
1401105000,1401105000,Buguias,1401100000,Benguet,1400000000,LUZON
1401106000,1401106000,Itogon,1401100000,Benguet,1400000000,LUZON
1401107000,1401107000,Kabayan,1401100000,Benguet,1400000000,LUZON
1401108000,1401108000,Kapangan,1401100000,Benguet,1400000000,LUZON
1401109000,1401109000,Kibungan,1401100000,Benguet,1400000000,LUZON
1401110000,1401110000,La Trinidad,1401100000,Benguet,1400000000,LUZON
1401111000,1401111000,Mankayan,1401100000,Benguet,1400000000,LUZON
1401112000,1401112000,Sablan,1401100000,Benguet,1400000000,LUZON
1401113000,1401113000,Tuba,1401100000,Benguet,1400000000,LUZON
1401114000,1401114000,Tublay,1401100000,Benguet,1400000000,LUZON
1402701000,1402701000,Banaue,1402700000,Ifugao,1400000000,LUZON
1402702000,1402702000,Hungduan,1402700000,Ifugao,1400000000,LUZON
1402703000,1402703000,Kiangan,1402700000,Ifugao,1400000000,LUZON
1402704000,1402704000,Lagawe,1402700000,Ifugao,1400000000,LUZON
1402705000,1402705000,Lamut,1402700000,Ifugao,1400000000,LUZON
1402706000,1402706000,Mayoyao,1402700000,Ifugao,1400000000,LUZON
1402707000,1402707000,Alfonso Lista,1402700000,Ifugao,1400000000,LUZON
1402708000,1402708000,Aguinaldo,1402700000,Ifugao,1400000000,LUZON
1402709000,1402709000,Hingyon,1402700000,Ifugao,1400000000,LUZON
1402710000,1402710000,Tinoc,1402700000,Ifugao,1400000000,LUZON
1402711000,1402711000,Asipulo,1402700000,Ifugao,1400000000,LUZON
1403201000,1403201000,Balbalan,1403200000,Kalinga,1400000000,LUZON
1403206000,1403206000,Lubuagan,1403200000,Kalinga,1400000000,LUZON
1403208000,1403208000,Pasil,1403200000,Kalinga,1400000000,LUZON
1403209000,1403209000,Pinukpuk,1403200000,Kalinga,1400000000,LUZON
1403211000,1403211000,Rizal,1403200000,Kalinga,1400000000,LUZON
1403213000,1403213000,City of Tabuk,1403200000,Kalinga,1400000000,LUZON
1403214000,1403214000,Tanudan,1403200000,Kalinga,1400000000,LUZON
1403215000,1403215000,Tinglayan,1403200000,Kalinga,1400000000,LUZON
1404401000,1404401000,Barlig,1404400000,Mountain Province,1400000000,LUZON
1404402000,1404402000,Bauko,1404400000,Mountain Province,1400000000,LUZON
1404403000,1404403000,Besao,1404400000,Mountain Province,1400000000,LUZON
1404404000,1404404000,Bontoc,1404400000,Mountain Province,1400000000,LUZON
1404405000,1404405000,Natonin,1404400000,Mountain Province,1400000000,LUZON
1404406000,1404406000,Paracelis,1404400000,Mountain Province,1400000000,LUZON
1404407000,1404407000,Sabangan,1404400000,Mountain Province,1400000000,LUZON
1404408000,1404408000,Sadanga,1404400000,Mountain Province,1400000000,LUZON
1404409000,1404409000,Sagada,1404400000,Mountain Province,1400000000,LUZON
1404410000,1404410000,Tadian,1404400000,Mountain Province,1400000000,LUZON
1408101000,1408101000,Calanasan,1408100000,Apayao,1400000000,LUZON
1408102000,1408102000,Conner,1408100000,Apayao,1400000000,LUZON
1408103000,1408103000,Flora,1408100000,Apayao,1400000000,LUZON
1408104000,1408104000,Kabugao,1408100000,Apayao,1400000000,LUZON
1408105000,1408105000,Luna,1408100000,Apayao,1400000000,LUZON
1408106000,1408106000,Pudtol,1408100000,Apayao,1400000000,LUZON
1408107000,1408107000,Santa Marcela,1408100000,Apayao,1400000000,LUZON
1430300000,1430300000,City of Baguio,1401100000,Benguet,1400000000,LUZON
1600201000,1600201000,Buenavista,1600200000,Agusan del Norte,1600000000,MINDANAO
1600203000,1600203000,City of Cabadbaran,1600200000,Agusan del Norte,1600000000,MINDANAO
1600204000,1600204000,Carmen,1600200000,Agusan del Norte,1600000000,MINDANAO
1600205000,1600205000,Jabonga,1600200000,Agusan del Norte,1600000000,MINDANAO
1600206000,1600206000,Kitcharao,1600200000,Agusan del Norte,1600000000,MINDANAO
1600207000,1600207000,Las Nieves,1600200000,Agusan del Norte,1600000000,MINDANAO
1600208000,1600208000,Magallanes,1600200000,Agusan del Norte,1600000000,MINDANAO
1600209000,1600209000,Nasipit,1600200000,Agusan del Norte,1600000000,MINDANAO
1600210000,1600210000,Santiago,1600200000,Agusan del Norte,1600000000,MINDANAO
1600211000,1600211000,Tubay,1600200000,Agusan del Norte,1600000000,MINDANAO
1600212000,1600212000,Remedios T. Romualdez,1600200000,Agusan del Norte,1600000000,MINDANAO
1600301000,1600301000,City of Bayugan,1600300000,Agusan del Sur,1600000000,MINDANAO
1600302000,1600302000,Bunawan,1600300000,Agusan del Sur,1600000000,MINDANAO
1600303000,1600303000,Esperanza,1600300000,Agusan del Sur,1600000000,MINDANAO
1600304000,1600304000,La Paz,1600300000,Agusan del Sur,1600000000,MINDANAO
1600305000,1600305000,Loreto,1600300000,Agusan del Sur,1600000000,MINDANAO
1600306000,1600306000,Prosperidad,1600300000,Agusan del Sur,1600000000,MINDANAO
1600307000,1600307000,Rosario,1600300000,Agusan del Sur,1600000000,MINDANAO
1600308000,1600308000,San Francisco,1600300000,Agusan del Sur,1600000000,MINDANAO
1600309000,1600309000,San Luis,1600300000,Agusan del Sur,1600000000,MINDANAO
1600310000,1600310000,Santa Josefa,1600300000,Agusan del Sur,1600000000,MINDANAO
1600311000,1600311000,Talacogon,1600300000,Agusan del Sur,1600000000,MINDANAO
1600312000,1600312000,Trento,1600300000,Agusan del Sur,1600000000,MINDANAO
1600313000,1600313000,Veruela,1600300000,Agusan del Sur,1600000000,MINDANAO
1600314000,1600314000,Sibagat,1600300000,Agusan del Sur,1600000000,MINDANAO
1606701000,1606701000,Alegria,1606700000,Surigao del Norte,1600000000,MINDANAO
1606702000,1606702000,Bacuag,1606700000,Surigao del Norte,1600000000,MINDANAO
1606704000,1606704000,Burgos,1606700000,Surigao del Norte,1600000000,MINDANAO
1606706000,1606706000,Claver,1606700000,Surigao del Norte,1600000000,MINDANAO
1606707000,1606707000,Dapa,1606700000,Surigao del Norte,1600000000,MINDANAO
1606708000,1606708000,Del Carmen,1606700000,Surigao del Norte,1600000000,MINDANAO
1606710000,1606710000,General Luna,1606700000,Surigao del Norte,1600000000,MINDANAO
1606711000,1606711000,Gigaquit,1606700000,Surigao del Norte,1600000000,MINDANAO
1606714000,1606714000,Mainit,1606700000,Surigao del Norte,1600000000,MINDANAO
1606715000,1606715000,Malimono,1606700000,Surigao del Norte,1600000000,MINDANAO
1606716000,1606716000,Pilar,1606700000,Surigao del Norte,1600000000,MINDANAO
1606717000,1606717000,Placer,1606700000,Surigao del Norte,1600000000,MINDANAO
1606718000,1606718000,San Benito,1606700000,Surigao del Norte,1600000000,MINDANAO
1606719000,1606719000,San Francisco,1606700000,Surigao del Norte,1600000000,MINDANAO
1606720000,1606720000,San Isidro,1606700000,Surigao del Norte,1600000000,MINDANAO
1606721000,1606721000,Santa Monica,1606700000,Surigao del Norte,1600000000,MINDANAO
1606722000,1606722000,Sison,1606700000,Surigao del Norte,1600000000,MINDANAO
1606723000,1606723000,Socorro,1606700000,Surigao del Norte,1600000000,MINDANAO
1606724000,1606724000,City of Surigao,1606700000,Surigao del Norte,1600000000,MINDANAO
1606725000,1606725000,Tagana-An,1606700000,Surigao del Norte,1600000000,MINDANAO
1606727000,1606727000,Tubod,1606700000,Surigao del Norte,1600000000,MINDANAO
1606801000,1606801000,Barobo,1606800000,Surigao del Sur,1600000000,MINDANAO
1606802000,1606802000,Bayabas,1606800000,Surigao del Sur,1600000000,MINDANAO
1606803000,1606803000,City of Bislig,1606800000,Surigao del Sur,1600000000,MINDANAO
1606804000,1606804000,Cagwait,1606800000,Surigao del Sur,1600000000,MINDANAO
1606805000,1606805000,Cantilan,1606800000,Surigao del Sur,1600000000,MINDANAO
1606806000,1606806000,Carmen,1606800000,Surigao del Sur,1600000000,MINDANAO
1606807000,1606807000,Carrascal,1606800000,Surigao del Sur,1600000000,MINDANAO
1606808000,1606808000,Cortes,1606800000,Surigao del Sur,1600000000,MINDANAO
1606809000,1606809000,Hinatuan,1606800000,Surigao del Sur,1600000000,MINDANAO
1606810000,1606810000,Lanuza,1606800000,Surigao del Sur,1600000000,MINDANAO
1606811000,1606811000,Lianga,1606800000,Surigao del Sur,1600000000,MINDANAO
1606812000,1606812000,Lingig,1606800000,Surigao del Sur,1600000000,MINDANAO
1606813000,1606813000,Madrid,1606800000,Surigao del Sur,1600000000,MINDANAO
1606814000,1606814000,Marihatag,1606800000,Surigao del Sur,1600000000,MINDANAO
1606815000,1606815000,San Agustin,1606800000,Surigao del Sur,1600000000,MINDANAO
1606816000,1606816000,San Miguel,1606800000,Surigao del Sur,1600000000,MINDANAO
1606817000,1606817000,Tagbina,1606800000,Surigao del Sur,1600000000,MINDANAO
1606818000,1606818000,Tago,1606800000,Surigao del Sur,1600000000,MINDANAO
1606819000,1606819000,City of Tandag,1606800000,Surigao del Sur,1600000000,MINDANAO
1608501000,1608501000,Basilisa,1608500000,Dinagat Islands,1600000000,MINDANAO
1608502000,1608502000,Cagdianao,1608500000,Dinagat Islands,1600000000,MINDANAO
1608503000,1608503000,Dinagat,1608500000,Dinagat Islands,1600000000,MINDANAO
1608504000,1608504000,Libjo,1608500000,Dinagat Islands,1600000000,MINDANAO
1608505000,1608505000,Loreto,1608500000,Dinagat Islands,1600000000,MINDANAO
1608506000,1608506000,San Jose,1608500000,Dinagat Islands,1600000000,MINDANAO
1608507000,1608507000,Tubajon,1608500000,Dinagat Islands,1600000000,MINDANAO
1630400000,1630400000,City of Butuan,1600200000,Agusan del Norte,1600000000,MINDANAO
1704001000,1704001000,Boac,1704000000,Marinduque,1700000000,LUZON
1704002000,1704002000,Buenavista,1704000000,Marinduque,1700000000,LUZON
1704003000,1704003000,Gasan,1704000000,Marinduque,1700000000,LUZON
1704004000,1704004000,Mogpog,1704000000,Marinduque,1700000000,LUZON
1704005000,1704005000,Santa Cruz,1704000000,Marinduque,1700000000,LUZON
1704006000,1704006000,Torrijos,1704000000,Marinduque,1700000000,LUZON
1705101000,1705101000,Abra De Ilog,1705100000,Occidental Mindoro,1700000000,LUZON
1705102000,1705102000,Calintaan,1705100000,Occidental Mindoro,1700000000,LUZON
1705103000,1705103000,Looc,1705100000,Occidental Mindoro,1700000000,LUZON
1705104000,1705104000,Lubang,1705100000,Occidental Mindoro,1700000000,LUZON
1705105000,1705105000,Magsaysay,1705100000,Occidental Mindoro,1700000000,LUZON
1705106000,1705106000,Mamburao,1705100000,Occidental Mindoro,1700000000,LUZON
1705107000,1705107000,Paluan,1705100000,Occidental Mindoro,1700000000,LUZON
1705108000,1705108000,Rizal,1705100000,Occidental Mindoro,1700000000,LUZON
1705109000,1705109000,Sablayan,1705100000,Occidental Mindoro,1700000000,LUZON
1705110000,1705110000,San Jose,1705100000,Occidental Mindoro,1700000000,LUZON
1705111000,1705111000,Santa Cruz,1705100000,Occidental Mindoro,1700000000,LUZON
1705201000,1705201000,Baco,1705200000,Oriental Mindoro,1700000000,LUZON
1705202000,1705202000,Bansud,1705200000,Oriental Mindoro,1700000000,LUZON
1705203000,1705203000,Bongabong,1705200000,Oriental Mindoro,1700000000,LUZON
1705204000,1705204000,Bulalacao,1705200000,Oriental Mindoro,1700000000,LUZON
1705205000,1705205000,City of Calapan,1705200000,Oriental Mindoro,1700000000,LUZON
1705206000,1705206000,Gloria,1705200000,Oriental Mindoro,1700000000,LUZON
1705207000,1705207000,Mansalay,1705200000,Oriental Mindoro,1700000000,LUZON
1705208000,1705208000,Naujan,1705200000,Oriental Mindoro,1700000000,LUZON
1705209000,1705209000,Pinamalayan,1705200000,Oriental Mindoro,1700000000,LUZON
1705210000,1705210000,Pola,1705200000,Oriental Mindoro,1700000000,LUZON
1705211000,1705211000,Puerto Galera,1705200000,Oriental Mindoro,1700000000,LUZON
1705212000,1705212000,Roxas,1705200000,Oriental Mindoro,1700000000,LUZON
1705213000,1705213000,San Teodoro,1705200000,Oriental Mindoro,1700000000,LUZON
1705214000,1705214000,Socorro,1705200000,Oriental Mindoro,1700000000,LUZON
1705215000,1705215000,Victoria,1705200000,Oriental Mindoro,1700000000,LUZON
1705301000,1705301000,Aborlan,1705300000,Palawan,1700000000,LUZON
1705302000,1705302000,Agutaya,1705300000,Palawan,1700000000,LUZON
1705303000,1705303000,Araceli,1705300000,Palawan,1700000000,LUZON
1705304000,1705304000,Balabac,1705300000,Palawan,1700000000,LUZON
1705305000,1705305000,Bataraza,1705300000,Palawan,1700000000,LUZON
1705306000,1705306000,Brooke's Point,1705300000,Palawan,1700000000,LUZON
1705307000,1705307000,Busuanga,1705300000,Palawan,1700000000,LUZON
1705308000,1705308000,Cagayancillo,1705300000,Palawan,1700000000,LUZON
1705309000,1705309000,Coron,1705300000,Palawan,1700000000,LUZON
1705310000,1705310000,Cuyo,1705300000,Palawan,1700000000,LUZON
1705311000,1705311000,Dumaran,1705300000,Palawan,1700000000,LUZON
1705312000,1705312000,El Nido,1705300000,Palawan,1700000000,LUZON
1705313000,1705313000,Linapacan,1705300000,Palawan,1700000000,LUZON
1705314000,1705314000,Magsaysay,1705300000,Palawan,1700000000,LUZON
1705315000,1705315000,Narra,1705300000,Palawan,1700000000,LUZON
1705317000,1705317000,Quezon,1705300000,Palawan,1700000000,LUZON
1705318000,1705318000,Roxas,1705300000,Palawan,1700000000,LUZON
1705319000,1705319000,San Vicente,1705300000,Palawan,1700000000,LUZON
1705320000,1705320000,Taytay,1705300000,Palawan,1700000000,LUZON
1705321000,1705321000,Kalayaan,1705300000,Palawan,1700000000,LUZON
1705322000,1705322000,Culion,1705300000,Palawan,1700000000,LUZON
1705323000,1705323000,Dr. Jose P. Rizal,1705300000,Palawan,1700000000,LUZON
1705324000,1705324000,Sofronio Española,1705300000,Palawan,1700000000,LUZON
1705901000,1705901000,Alcantara,1705900000,Romblon,1700000000,LUZON
1705902000,1705902000,Banton,1705900000,Romblon,1700000000,LUZON
1705903000,1705903000,Cajidiocan,1705900000,Romblon,1700000000,LUZON
1705904000,1705904000,Calatrava,1705900000,Romblon,1700000000,LUZON
1705905000,1705905000,Concepcion,1705900000,Romblon,1700000000,LUZON
1705906000,1705906000,Corcuera,1705900000,Romblon,1700000000,LUZON
1705907000,1705907000,Looc,1705900000,Romblon,1700000000,LUZON
1705908000,1705908000,Magdiwang,1705900000,Romblon,1700000000,LUZON
1705909000,1705909000,Odiongan,1705900000,Romblon,1700000000,LUZON
1705910000,1705910000,Romblon,1705900000,Romblon,1700000000,LUZON
1705911000,1705911000,San Agustin,1705900000,Romblon,1700000000,LUZON
1705912000,1705912000,San Andres,1705900000,Romblon,1700000000,LUZON
1705913000,1705913000,San Fernando,1705900000,Romblon,1700000000,LUZON
1705914000,1705914000,San Jose,1705900000,Romblon,1700000000,LUZON
1705915000,1705915000,Santa Fe,1705900000,Romblon,1700000000,LUZON
1705916000,1705916000,Ferrol,1705900000,Romblon,1700000000,LUZON
1705917000,1705917000,Santa Maria,1705900000,Romblon,1700000000,LUZON
1731500000,1731500000,City of Puerto Princesa,1705300000,Palawan,1700000000,LUZON
1804502000,604502000,City of Bago,1804500000,Negros Occidental,1800000000,VISAYAS
1804503000,604503000,Binalbagan,1804500000,Negros Occidental,1800000000,VISAYAS
1804504000,604504000,City of Cadiz,1804500000,Negros Occidental,1800000000,VISAYAS
1804505000,604505000,Calatrava,1804500000,Negros Occidental,1800000000,VISAYAS
1804506000,604506000,Candoni,1804500000,Negros Occidental,1800000000,VISAYAS
1804507000,604507000,Cauayan,1804500000,Negros Occidental,1800000000,VISAYAS
1804508000,604508000,Enrique B. Magalona,1804500000,Negros Occidental,1800000000,VISAYAS
1804509000,604509000,City of Escalante,1804500000,Negros Occidental,1800000000,VISAYAS
1804510000,604510000,City of Himamaylan,1804500000,Negros Occidental,1800000000,VISAYAS
1804511000,604511000,Hinigaran,1804500000,Negros Occidental,1800000000,VISAYAS
1804512000,604512000,Hinoba-an,1804500000,Negros Occidental,1800000000,VISAYAS
1804513000,604513000,Ilog,1804500000,Negros Occidental,1800000000,VISAYAS
1804514000,604514000,Isabela,1804500000,Negros Occidental,1800000000,VISAYAS
1804515000,604515000,City of Kabankalan,1804500000,Negros Occidental,1800000000,VISAYAS
1804516000,604516000,City of La Carlota,1804500000,Negros Occidental,1800000000,VISAYAS
1804517000,604517000,La Castellana,1804500000,Negros Occidental,1800000000,VISAYAS
1804518000,604518000,Manapla,1804500000,Negros Occidental,1800000000,VISAYAS
1804519000,604519000,Moises Padilla,1804500000,Negros Occidental,1800000000,VISAYAS
1804520000,604520000,Murcia,1804500000,Negros Occidental,1800000000,VISAYAS
1804521000,604521000,Pontevedra,1804500000,Negros Occidental,1800000000,VISAYAS
1804522000,604522000,Pulupandan,1804500000,Negros Occidental,1800000000,VISAYAS
1804523000,604523000,City of Sagay,1804500000,Negros Occidental,1800000000,VISAYAS
1804524000,604524000,City of San Carlos,1804500000,Negros Occidental,1800000000,VISAYAS
1804525000,604525000,San Enrique,1804500000,Negros Occidental,1800000000,VISAYAS
1804526000,604526000,City of Silay,1804500000,Negros Occidental,1800000000,VISAYAS
1804527000,604527000,City of Sipalay,1804500000,Negros Occidental,1800000000,VISAYAS
1804528000,604528000,City of Talisay,1804500000,Negros Occidental,1800000000,VISAYAS
1804529000,604529000,Toboso,1804500000,Negros Occidental,1800000000,VISAYAS
1804530000,604530000,Valladolid,1804500000,Negros Occidental,1800000000,VISAYAS
1804531000,604531000,City of Victorias,1804500000,Negros Occidental,1800000000,VISAYAS
1804532000,604532000,Salvador Benedicto,1804500000,Negros Occidental,1800000000,VISAYAS
1804601000,704601000,Amlan,1804600000,Negros Oriental,1800000000,VISAYAS
1804602000,704602000,Ayungon,1804600000,Negros Oriental,1800000000,VISAYAS
1804603000,704603000,Bacong,1804600000,Negros Oriental,1800000000,VISAYAS
1804604000,704604000,City of Bais,1804600000,Negros Oriental,1800000000,VISAYAS
1804605000,704605000,Basay,1804600000,Negros Oriental,1800000000,VISAYAS
1804606000,704606000,City of Bayawan,1804600000,Negros Oriental,1800000000,VISAYAS
1804607000,704607000,Bindoy,1804600000,Negros Oriental,1800000000,VISAYAS
1804608000,704608000,City of Canlaon,1804600000,Negros Oriental,1800000000,VISAYAS
1804609000,704609000,Dauin,1804600000,Negros Oriental,1800000000,VISAYAS
1804610000,704610000,City of Dumaguete,1804600000,Negros Oriental,1800000000,VISAYAS
1804611000,704611000,City of Guihulngan,1804600000,Negros Oriental,1800000000,VISAYAS
1804612000,704612000,Jimalalud,1804600000,Negros Oriental,1800000000,VISAYAS
1804613000,704613000,La Libertad,1804600000,Negros Oriental,1800000000,VISAYAS
1804614000,704614000,Mabinay,1804600000,Negros Oriental,1800000000,VISAYAS
1804615000,704615000,Manjuyod,1804600000,Negros Oriental,1800000000,VISAYAS
1804616000,704616000,Pamplona,1804600000,Negros Oriental,1800000000,VISAYAS
1804617000,704617000,San Jose,1804600000,Negros Oriental,1800000000,VISAYAS
1804618000,704618000,Santa Catalina,1804600000,Negros Oriental,1800000000,VISAYAS
1804619000,704619000,Siaton,1804600000,Negros Oriental,1800000000,VISAYAS
1804620000,704620000,Sibulan,1804600000,Negros Oriental,1800000000,VISAYAS
1804621000,704621000,City of Tanjay,1804600000,Negros Oriental,1800000000,VISAYAS
1804622000,704622000,Tayasan,1804600000,Negros Oriental,1800000000,VISAYAS
1804623000,704623000,Valencia,1804600000,Negros Oriental,1800000000,VISAYAS
1804624000,704624000,Vallehermoso,1804600000,Negros Oriental,1800000000,VISAYAS
1804625000,704625000,Zamboanguita,1804600000,Negros Oriental,1800000000,VISAYAS
1806101000,706101000,Enrique Villanueva,1806100000,Siquijor,1800000000,VISAYAS
1806102000,706102000,Larena,1806100000,Siquijor,1800000000,VISAYAS
1806103000,706103000,Lazi,1806100000,Siquijor,1800000000,VISAYAS
1806104000,706104000,Maria,1806100000,Siquijor,1800000000,VISAYAS
1806105000,706105000,San Juan,1806100000,Siquijor,1800000000,VISAYAS
1806106000,706106000,Siquijor,1806100000,Siquijor,1800000000,VISAYAS
1830200000,630200000,City of Bacolod,1804500000,Negros Occidental,1800000000,VISAYAS
1900702000,1900702000,City of Lamitan,1900700000,Basilan,1900000000,MINDANAO
1900703000,1900703000,Lantawan,1900700000,Basilan,1900000000,MINDANAO
1900704000,1900704000,Maluso,1900700000,Basilan,1900000000,MINDANAO
1900705000,1900705000,Sumisip,1900700000,Basilan,1900000000,MINDANAO
1900706000,1900706000,Tipo-Tipo,1900700000,Basilan,1900000000,MINDANAO
1900707000,1900707000,Tuburan,1900700000,Basilan,1900000000,MINDANAO
1900708000,1900708000,Akbar,1900700000,Basilan,1900000000,MINDANAO
1900709000,1900709000,Al-Barka,1900700000,Basilan,1900000000,MINDANAO
1900710000,1900710000,Hadji Mohammad Ajul,1900700000,Basilan,1900000000,MINDANAO
1900711000,1900711000,Ungkaya Pukan,1900700000,Basilan,1900000000,MINDANAO
1900712000,1900712000,Hadji Muhtamad,1900700000,Basilan,1900000000,MINDANAO
1900713000,1900713000,Tabuan-Lasa,1900700000,Basilan,1900000000,MINDANAO
1903601000,1903601000,Bacolod-Kalawi,1903600000,Lanao del Sur,1900000000,MINDANAO
1903602000,1903602000,Balabagan,1903600000,Lanao del Sur,1900000000,MINDANAO
1903603000,1903603000,Balindong,1903600000,Lanao del Sur,1900000000,MINDANAO
1903604000,1903604000,Bayang,1903600000,Lanao del Sur,1900000000,MINDANAO
1903605000,1903605000,Binidayan,1903600000,Lanao del Sur,1900000000,MINDANAO
1903606000,1903606000,Bubong,1903600000,Lanao del Sur,1900000000,MINDANAO
1903607000,1903607000,Butig,1903600000,Lanao del Sur,1900000000,MINDANAO
1903609000,1903609000,Ganassi,1903600000,Lanao del Sur,1900000000,MINDANAO
1903610000,1903610000,Kapai,1903600000,Lanao del Sur,1900000000,MINDANAO
1903611000,1903611000,Lumba-Bayabao,1903600000,Lanao del Sur,1900000000,MINDANAO
1903612000,1903612000,Lumbatan,1903600000,Lanao del Sur,1900000000,MINDANAO
1903613000,1903613000,Madalum,1903600000,Lanao del Sur,1900000000,MINDANAO
1903614000,1903614000,Madamba,1903600000,Lanao del Sur,1900000000,MINDANAO
1903615000,1903615000,Malabang,1903600000,Lanao del Sur,1900000000,MINDANAO
1903616000,1903616000,Marantao,1903600000,Lanao del Sur,1900000000,MINDANAO
1903617000,1903617000,City of Marawi,1903600000,Lanao del Sur,1900000000,MINDANAO
1903618000,1903618000,Masiu,1903600000,Lanao del Sur,1900000000,MINDANAO
1903619000,1903619000,Mulondo,1903600000,Lanao del Sur,1900000000,MINDANAO
1903620000,1903620000,Pagayawan,1903600000,Lanao del Sur,1900000000,MINDANAO
1903621000,1903621000,Piagapo,1903600000,Lanao del Sur,1900000000,MINDANAO
1903622000,1903622000,Poona Bayabao,1903600000,Lanao del Sur,1900000000,MINDANAO
1903623000,1903623000,Pualas,1903600000,Lanao del Sur,1900000000,MINDANAO
1903624000,1903624000,Ditsaan-Ramain,1903600000,Lanao del Sur,1900000000,MINDANAO
1903625000,1903625000,Saguiaran,1903600000,Lanao del Sur,1900000000,MINDANAO
1903626000,1903626000,Tamparan,1903600000,Lanao del Sur,1900000000,MINDANAO
1903627000,1903627000,Taraka,1903600000,Lanao del Sur,1900000000,MINDANAO
1903628000,1903628000,Tubaran,1903600000,Lanao del Sur,1900000000,MINDANAO
1903629000,1903629000,Tugaya,1903600000,Lanao del Sur,1900000000,MINDANAO
1903630000,1903630000,Wao,1903600000,Lanao del Sur,1900000000,MINDANAO
1903631000,1903631000,Marogong,1903600000,Lanao del Sur,1900000000,MINDANAO
1903632000,1903632000,Calanogas,1903600000,Lanao del Sur,1900000000,MINDANAO
1903633000,1903633000,Buadiposo-Buntong,1903600000,Lanao del Sur,1900000000,MINDANAO
1903634000,1903634000,Maguing,1903600000,Lanao del Sur,1900000000,MINDANAO
1903635000,1903635000,Picong,1903600000,Lanao del Sur,1900000000,MINDANAO
1903636000,1903636000,Lumbayanague,1903600000,Lanao del Sur,1900000000,MINDANAO
1903637000,1903637000,Amai Manabilang,1903600000,Lanao del Sur,1900000000,MINDANAO
1903638000,1903638000,Tagoloan II,1903600000,Lanao del Sur,1900000000,MINDANAO
1903639000,1903639000,Kapatagan,1903600000,Lanao del Sur,1900000000,MINDANAO
1903640000,1903640000,Sultan Dumalondong,1903600000,Lanao del Sur,1900000000,MINDANAO
1903641000,1903641000,Lumbaca-Unayan,1903600000,Lanao del Sur,1900000000,MINDANAO
1907001000,1907001000,Panglima Sugala,1907000000,Tawi-Tawi,1900000000,MINDANAO
1907002000,1907002000,Bongao,1907000000,Tawi-Tawi,1900000000,MINDANAO
1907003000,1907003000,Mapun,1907000000,Tawi-Tawi,1900000000,MINDANAO
1907004000,1907004000,Simunul,1907000000,Tawi-Tawi,1900000000,MINDANAO
1907005000,1907005000,Sitangkai,1907000000,Tawi-Tawi,1900000000,MINDANAO
1907006000,1907006000,South Ubian,1907000000,Tawi-Tawi,1900000000,MINDANAO
1907007000,1907007000,Tandubas,1907000000,Tawi-Tawi,1900000000,MINDANAO
1907008000,1907008000,Turtle Islands,1907000000,Tawi-Tawi,1900000000,MINDANAO
1907009000,1907009000,Languyan,1907000000,Tawi-Tawi,1900000000,MINDANAO
1907010000,1907010000,Sapa-Sapa,1907000000,Tawi-Tawi,1900000000,MINDANAO
1907011000,1907011000,Sibutu,1907000000,Tawi-Tawi,1900000000,MINDANAO
1908701000,1908701000,Barira,1908700000,Maguindanao del Norte,1900000000,MINDANAO
1908702000,1908702000,Buldon,1908700000,Maguindanao del Norte,1900000000,MINDANAO
1908703000,1908703000,City of Cotabato,1908700000,Maguindanao del Norte,1900000000,MINDANAO
1908704000,1908704000,Datu Blah T. Sinsuat,1908700000,Maguindanao del Norte,1900000000,MINDANAO
1908705000,1908705000,Datu Odin Sinsuat,1908700000,Maguindanao del Norte,1900000000,MINDANAO
1908706000,1908706000,Kabuntalan,1908700000,Maguindanao del Norte,1900000000,MINDANAO
1908707000,1908707000,Matanog,1908700000,Maguindanao del Norte,1900000000,MINDANAO
1908708000,1908708000,Northern Kabuntalan,1908700000,Maguindanao del Norte,1900000000,MINDANAO
1908709000,1908709000,Parang,1908700000,Maguindanao del Norte,1900000000,MINDANAO
1908710000,1908710000,Sultan Kudarat,1908700000,Maguindanao del Norte,1900000000,MINDANAO
1908711000,1908711000,Sultan Mastura,1908700000,Maguindanao del Norte,1900000000,MINDANAO
1908712000,1908712000,Talitay,1908700000,Maguindanao del Norte,1900000000,MINDANAO
1908713000,1908713000,Upi,1908700000,Maguindanao del Norte,1900000000,MINDANAO
1908801000,1908801000,Ampatuan,1908800000,Maguindanao del Sur,1900000000,MINDANAO
1908802000,1908802000,Buluan,1908800000,Maguindanao del Sur,1900000000,MINDANAO
1908803000,1908803000,Datu Abdullah Sangki,1908800000,Maguindanao del Sur,1900000000,MINDANAO
1908804000,1908804000,Datu Anggal Midtimbang,1908800000,Maguindanao del Sur,1900000000,MINDANAO
1908805000,1908805000,Datu Hoffer Ampatuan,1908800000,Maguindanao del Sur,1900000000,MINDANAO
1908806000,1908806000,Datu Paglas,1908800000,Maguindanao del Sur,1900000000,MINDANAO
1908807000,1908807000,Datu Piang,1908800000,Maguindanao del Sur,1900000000,MINDANAO
1908808000,1908808000,Datu Salibo,1908800000,Maguindanao del Sur,1900000000,MINDANAO
1908809000,1908809000,Datu Saudi Ampatuan,1908800000,Maguindanao del Sur,1900000000,MINDANAO
1908810000,1908810000,Datu Unsay,1908800000,Maguindanao del Sur,1900000000,MINDANAO
1908811000,1908811000,Gen. S.K. Pendatun,1908800000,Maguindanao del Sur,1900000000,MINDANAO
1908812000,1908812000,Guindulungan,1908800000,Maguindanao del Sur,1900000000,MINDANAO
1908813000,1908813000,Mamasapano,1908800000,Maguindanao del Sur,1900000000,MINDANAO
1908814000,1908814000,Mangudadatu,1908800000,Maguindanao del Sur,1900000000,MINDANAO
1908815000,1908815000,Pagagawan,1908800000,Maguindanao del Sur,1900000000,MINDANAO
1908816000,1908816000,Pagalungan,1908800000,Maguindanao del Sur,1900000000,MINDANAO
1908817000,1908817000,Paglat,1908800000,Maguindanao del Sur,1900000000,MINDANAO
1908818000,1908818000,Pandag,1908800000,Maguindanao del Sur,1900000000,MINDANAO
1908819000,1908819000,Rajah Buayan,1908800000,Maguindanao del Sur,1900000000,MINDANAO
1908820000,1908820000,Shariff Aguak,1908800000,Maguindanao del Sur,1900000000,MINDANAO
1908821000,1908821000,Shariff Saydona Mustapha,1908800000,Maguindanao del Sur,1900000000,MINDANAO
1908822000,1908822000,South Upi,1908800000,Maguindanao del Sur,1900000000,MINDANAO
1908823000,1908823000,Sultan Sa Barongis,1908800000,Maguindanao del Sur,1900000000,MINDANAO
1908824000,1908824000,Talayan,1908800000,Maguindanao del Sur,1900000000,MINDANAO
1999901000,1999901000,Kapalawan,1999900000,Special Geographic Area,1900000000,MINDANAO
1999902000,1999902000,Old Kaabakan,1999900000,Special Geographic Area,1900000000,MINDANAO
1999903000,1999903000,Kadayangan,1999900000,Special Geographic Area,1900000000,MINDANAO
1999904000,1999904000,Nabalawag,1999900000,Special Geographic Area,1900000000,MINDANAO
1999905000,1999905000,Pahamuddin,1999900000,Special Geographic Area,1900000000,MINDANAO
1999906000,1999906000,Malidegao,1999900000,Special Geographic Area,1900000000,MINDANAO
1999907000,1999907000,Ligawasan,1999900000,Special Geographic Area,1900000000,MINDANAO
1999908000,1999908000,Tugunan,1999900000,Special Geographic Area,1900000000,MINDANAO
